npm/npmjs/-/JSONStream/1.3.5, MIT OR Apache-2.0, approved, clearlydefined
npm/npmjs/-/abab/2.0.5, BSD-3-Clause, approved, clearlydefined
npm/npmjs/-/abbrev/1.1.1, ISC, approved, clearlydefined
npm/npmjs/-/accepts/1.3.7, MIT, approved, clearlydefined
npm/npmjs/-/acorn-globals/6.0.0, MIT, approved, clearlydefined
npm/npmjs/-/acorn-node/1.8.2, Apache-2.0, approved, clearlydefined
npm/npmjs/-/acorn-walk/7.2.0, MIT, approved, clearlydefined
npm/npmjs/-/acorn/7.4.1, MIT, approved, clearlydefined
npm/npmjs/-/acorn/8.4.1, MIT, approved, clearlydefined
npm/npmjs/-/acorn/8.5.0, MIT, approved, clearlydefined
npm/npmjs/-/add-stream/1.0.0, MIT, approved, clearlydefined
npm/npmjs/-/adler-32/1.2.0, Apache-2.0, approved, clearlydefined
npm/npmjs/-/adler-32/1.3.0, Apache-2.0, approved, clearlydefined
npm/npmjs/-/agent-base/5.1.1, MIT, approved, clearlydefined
npm/npmjs/-/agent-base/6.0.2, MIT, approved, clearlydefined
npm/npmjs/-/aggregate-error/3.1.0, MIT, approved, clearlydefined
npm/npmjs/-/ajv-errors/1.0.1, MIT, approved, clearlydefined
npm/npmjs/-/ajv-keywords/3.5.2, MIT, approved, clearlydefined
npm/npmjs/-/ajv/6.12.6, MIT, approved, #979
npm/npmjs/-/align-text/0.1.4, MIT, approved, clearlydefined
npm/npmjs/-/alphanum-sort/1.0.2, MIT, approved, clearlydefined
npm/npmjs/-/amdefine/1.0.1, BSD-3-Clause OR MIT, approved, clearlydefined
npm/npmjs/-/ansi-colors/3.2.3, MIT, approved, clearlydefined
npm/npmjs/-/ansi-escapes/3.2.0, MIT, approved, clearlydefined
npm/npmjs/-/ansi-regex/2.1.1, MIT, approved, clearlydefined
npm/npmjs/-/ansi-regex/3.0.0, MIT, approved, clearlydefined
npm/npmjs/-/ansi-regex/4.1.0, MIT, approved, clearlydefined
npm/npmjs/-/ansi-regex/5.0.0, MIT, approved, clearlydefined
npm/npmjs/-/ansi-styles/2.2.1, MIT, approved, clearlydefined
npm/npmjs/-/ansi-styles/3.2.1, MIT, approved, clearlydefined
npm/npmjs/-/ansi-styles/4.3.0, MIT, approved, clearlydefined
npm/npmjs/-/anymatch/3.1.2, ISC, approved, clearlydefined
npm/npmjs/-/aproba/1.2.0, ISC, approved, clearlydefined
npm/npmjs/-/are-we-there-yet/1.1.5, ISC, approved, clearlydefined
npm/npmjs/-/argparse/1.0.10, MIT, approved, clearlydefined
npm/npmjs/-/array-find-index/1.0.2, MIT, approved, clearlydefined
npm/npmjs/-/array-flatten/1.1.1, MIT, approved, clearlydefined
npm/npmjs/-/array-from/2.1.1, MIT, approved, clearlydefined
npm/npmjs/-/array-ify/1.0.0, MIT, approved, clearlydefined
npm/npmjs/-/array-union/1.0.2, MIT, approved, clearlydefined
npm/npmjs/-/array-union/2.1.0, MIT, approved, clearlydefined
npm/npmjs/-/array-uniq/1.0.3, MIT, approved, clearlydefined
npm/npmjs/-/arrify/1.0.1, MIT, approved, clearlydefined
npm/npmjs/-/asn1/0.2.4, MIT, approved, clearlydefined
npm/npmjs/-/assert-plus/1.0.0, MIT, approved, clearlydefined
npm/npmjs/-/assertion-error/1.1.0, MIT, approved, clearlydefined
npm/npmjs/-/ast-transform/0.0.0, MIT, approved, clearlydefined
npm/npmjs/-/ast-types/0.7.8, MIT, approved, clearlydefined
npm/npmjs/-/ast-types/0.9.14, MIT, approved, clearlydefined
npm/npmjs/-/ast-types/0.9.6, MIT, approved, clearlydefined
npm/npmjs/-/async-limiter/1.0.1, MIT, approved, clearlydefined
npm/npmjs/-/async/1.5.2, MIT, approved, clearlydefined
npm/npmjs/-/asynckit/0.4.0, MIT, approved, clearlydefined
npm/npmjs/-/autoprefixer/6.7.7, MIT, approved, #993
npm/npmjs/-/aws-sign2/0.7.0, Apache-2.0, approved, clearlydefined
npm/npmjs/-/aws4/1.11.0, MIT, approved, clearlydefined
npm/npmjs/-/babel-code-frame/6.26.0, MIT, approved, clearlydefined
npm/npmjs/-/babel-loader/8.2.2, MIT, approved, clearlydefined
npm/npmjs/-/babel-plugin-dynamic-import-node/2.3.3, MIT, approved, clearlydefined
npm/npmjs/-/babel-plugin-polyfill-corejs2/0.2.2, MIT, approved, clearlydefined
npm/npmjs/-/babel-plugin-polyfill-corejs3/0.2.3, MIT, approved, clearlydefined
npm/npmjs/-/babel-plugin-polyfill-regenerator/0.2.2, MIT, approved, clearlydefined
npm/npmjs/-/babel-runtime/6.26.0, MIT, approved, #943
npm/npmjs/-/back/0.1.5, MIT, approved, clearlydefined
npm/npmjs/-/balanced-match/0.4.2, MIT, approved, clearlydefined
npm/npmjs/-/balanced-match/1.0.2, MIT, approved, clearlydefined
npm/npmjs/-/base64-arraybuffer/0.1.5, MIT, approved, clearlydefined
npm/npmjs/-/base64-js/0.0.8, MIT, approved, clearlydefined
npm/npmjs/-/base64-js/1.3.1, MIT, approved, clearlydefined
npm/npmjs/-/base64-js/1.5.1, MIT, approved, clearlydefined
npm/npmjs/-/bcrypt-pbkdf/1.0.2, BSD-3-Clause, approved, clearlydefined
npm/npmjs/-/bent/7.3.12, Apache-2.0, approved, clearlydefined
npm/npmjs/-/big-integer/1.6.48, Unlicense, approved, clearlydefined
npm/npmjs/-/big.js/3.2.0, Apache-2.0 AND ICU AND MIT, approved, #1049
npm/npmjs/-/big.js/5.2.2, MIT, approved, clearlydefined
npm/npmjs/-/binary-extensions/2.2.0, MIT, approved, clearlydefined
npm/npmjs/-/binary/0.3.0, MIT, approved, clearlydefined
npm/npmjs/-/bindings/1.5.0, MIT, approved, clearlydefined
npm/npmjs/-/bl/1.2.3, MIT, approved, clearlydefined
npm/npmjs/-/bl/4.1.0, MIT, approved, clearlydefined
npm/npmjs/-/bluebird/3.4.7, MIT, approved, clearlydefined
npm/npmjs/-/bluebird/3.7.2, MIT, approved, clearlydefined
npm/npmjs/-/body-parser/1.19.0, MIT, approved, clearlydefined
npm/npmjs/-/boolean/3.1.2, MIT, approved, clearlydefined
npm/npmjs/-/brace-expansion/1.1.11, MIT, approved, clearlydefined
npm/npmjs/-/braces/3.0.2, MIT, approved, clearlydefined
npm/npmjs/-/brfs/2.0.2, MIT, approved, clearlydefined
npm/npmjs/-/brotli/1.3.2, Apache-2.0 AND MIT, approved, #1080
npm/npmjs/-/browser-process-hrtime/1.0.0, BSD-2-Clause, approved, clearlydefined
npm/npmjs/-/browser-resolve/1.11.3, MIT, approved, clearlydefined
npm/npmjs/-/browser-stdout/1.3.1, ISC, approved, clearlydefined
npm/npmjs/-/browserify-optional/1.0.1, MIT, approved, clearlydefined
npm/npmjs/-/browserslist/1.7.7, MIT, approved, clearlydefined
npm/npmjs/-/browserslist/4.16.6, MIT, approved, clearlydefined
npm/npmjs/-/buffer-alloc-unsafe/1.1.0, MIT, approved, clearlydefined
npm/npmjs/-/buffer-alloc/1.2.0, MIT, approved, clearlydefined
npm/npmjs/-/buffer-crc32/0.2.13, MIT, approved, clearlydefined
npm/npmjs/-/buffer-equal/0.0.1, MIT, approved, clearlydefined
npm/npmjs/-/buffer-fill/1.0.0, MIT, approved, clearlydefined
npm/npmjs/-/buffer-from/1.1.1, MIT, approved, clearlydefined
npm/npmjs/-/buffer-indexof-polyfill/1.0.2, MIT, approved, clearlydefined
npm/npmjs/-/buffer/5.7.1, MIT, approved, clearlydefined
npm/npmjs/-/buffer/6.0.3, MIT, approved, clearlydefined
npm/npmjs/-/buffers/0.1.1, MIT, approved, clearlydefined
npm/npmjs/-/byline/5.0.0, MIT, approved, clearlydefined
npm/npmjs/-/bytes/3.1.0, MIT, approved, clearlydefined
npm/npmjs/-/bytesish/0.4.4, Apache-2.0 AND MIT, approved, clearlydefined
npm/npmjs/-/cacache/11.3.3, ISC, approved, clearlydefined
npm/npmjs/-/cacheable-request/6.1.0, MIT, approved, clearlydefined
npm/npmjs/-/call-bind/1.0.2, MIT, approved, clearlydefined
npm/npmjs/-/camelcase-keys/2.1.0, MIT, approved, clearlydefined
npm/npmjs/-/camelcase-keys/4.2.0, MIT, approved, clearlydefined
npm/npmjs/-/camelcase/1.2.1, MIT, approved, clearlydefined
npm/npmjs/-/camelcase/2.1.1, MIT, approved, clearlydefined
npm/npmjs/-/camelcase/4.1.0, MIT, approved, clearlydefined
npm/npmjs/-/camelcase/5.3.1, MIT, approved, clearlydefined
npm/npmjs/-/caniuse-api/1.6.1, MIT, approved, clearlydefined
npm/npmjs/-/caniuse-db/1.0.30001246, CC-BY-4.0, approved, #1200
npm/npmjs/-/caniuse-lite/1.0.30001246, CC-BY-4.0, approved, #1196
npm/npmjs/-/caseless/0.12.0, Apache-2.0, approved, clearlydefined
npm/npmjs/-/center-align/0.1.3, MIT, approved, clearlydefined
npm/npmjs/-/cfb/1.2.1, Apache-2.0, approved, clearlydefined
npm/npmjs/-/chai/4.3.4, MIT, approved, clearlydefined
npm/npmjs/-/chainsaw/0.1.0, MIT, approved, clearlydefined
npm/npmjs/-/chalk/1.1.3, MIT, approved, clearlydefined
npm/npmjs/-/chalk/2.4.2, MIT, approved, clearlydefined
npm/npmjs/-/changes-stream/2.2.0, MIT, approved, clearlydefined
npm/npmjs/-/chardet/0.4.2, MIT, approved, clearlydefined
npm/npmjs/-/check-error/1.0.2, MIT, approved, clearlydefined
npm/npmjs/-/chokidar/3.3.0, MIT, approved, clearlydefined
npm/npmjs/-/chownr/1.1.4, ISC, approved, clearlydefined
npm/npmjs/-/chownr/2.0.0, ISC, approved, clearlydefined
npm/npmjs/-/chrome-trace-event/1.0.3, MIT, approved, clearlydefined
npm/npmjs/-/ci-info/1.6.0, MIT, approved, clearlydefined
npm/npmjs/-/circular-dependency-plugin/5.2.2, ISC, approved, clearlydefined
npm/npmjs/-/clap/1.2.3, MIT, approved, clearlydefined
npm/npmjs/-/classnames/2.3.1, MIT, approved, clearlydefined
npm/npmjs/-/clean-stack/2.2.0, MIT, approved, clearlydefined
npm/npmjs/-/cli-cursor/2.1.0, MIT, approved, clearlydefined
npm/npmjs/-/cli-spinners/2.6.0, MIT, approved, clearlydefined
npm/npmjs/-/cli-width/2.2.1, ISC, approved, clearlydefined
npm/npmjs/-/cliui/2.1.0, ISC, approved, clearlydefined
npm/npmjs/-/cliui/3.2.0, ISC, approved, clearlydefined
npm/npmjs/-/cliui/5.0.0, ISC, approved, clearlydefined
npm/npmjs/-/cliui/6.0.0, ISC, approved, clearlydefined
npm/npmjs/-/clone-deep/4.0.1, MIT, approved, clearlydefined
npm/npmjs/-/clone-response/1.0.2, MIT, approved, clearlydefined
npm/npmjs/-/clone/1.0.4, MIT, approved, clearlydefined
npm/npmjs/-/clone/2.1.2, MIT, approved, clearlydefined
npm/npmjs/-/clsx/1.1.1, MIT, approved, clearlydefined
npm/npmjs/-/cmd-shim/2.1.0, ISC, approved, clearlydefined
npm/npmjs/-/coa/1.0.4, MIT, approved, #984
npm/npmjs/-/code-point-at/1.1.0, MIT, approved, clearlydefined
npm/npmjs/-/codepage/1.15.0, Apache-2.0, approved, clearlydefined
npm/npmjs/-/color-convert/1.9.3, MIT, approved, clearlydefined
npm/npmjs/-/color-convert/2.0.1, MIT, approved, clearlydefined
npm/npmjs/-/color-name/1.1.3, MIT, approved, clearlydefined
npm/npmjs/-/color-name/1.1.4, MIT, approved, clearlydefined
npm/npmjs/-/color-string/0.3.0, MIT, approved, clearlydefined
npm/npmjs/-/color/0.11.4, MIT, approved, clearlydefined
npm/npmjs/-/colorette/1.2.2, MIT, approved, clearlydefined
npm/npmjs/-/colormin/1.1.2, MIT, approved, clearlydefined
npm/npmjs/-/colors/1.1.2, MIT, approved, clearlydefined
npm/npmjs/-/colors/1.4.0, MIT, approved, clearlydefined
npm/npmjs/-/columnify/1.5.4, MIT, approved, clearlydefined
npm/npmjs/-/combined-stream/1.0.8, MIT, approved, clearlydefined
npm/npmjs/-/command-join/2.0.1, MIT, approved, clearlydefined
npm/npmjs/-/commander/2.17.1, MIT, approved, clearlydefined
npm/npmjs/-/commander/2.20.3, MIT, approved, clearlydefined
npm/npmjs/-/commander/7.2.0, MIT, approved, clearlydefined
npm/npmjs/-/commondir/1.0.1, MIT, approved, clearlydefined
npm/npmjs/-/compare-func/1.3.4, MIT, approved, clearlydefined
npm/npmjs/-/concat-map/0.0.1, MIT, approved, clearlydefined
npm/npmjs/-/concat-stream/1.6.2, MIT, approved, clearlydefined
npm/npmjs/-/conf/6.2.4, MIT, approved, clearlydefined
npm/npmjs/-/config-chain/1.1.13, MIT, approved, clearlydefined
npm/npmjs/-/console-control-strings/1.1.0, ISC, approved, clearlydefined
npm/npmjs/-/content-disposition/0.5.3, MIT, approved, clearlydefined
npm/npmjs/-/content-type/1.0.4, MIT, approved, clearlydefined
npm/npmjs/-/contour_plot/0.0.1, MIT, restricted, clearlydefined
npm/npmjs/-/conventional-changelog-angular/1.6.6, ISC, approved, clearlydefined
npm/npmjs/-/conventional-changelog-atom/0.2.8, ISC, approved, clearlydefined
npm/npmjs/-/conventional-changelog-cli/1.3.22, MIT, approved, clearlydefined
npm/npmjs/-/conventional-changelog-codemirror/0.3.8, ISC, approved, clearlydefined
npm/npmjs/-/conventional-changelog-core/2.0.11, MIT, approved, clearlydefined
npm/npmjs/-/conventional-changelog-ember/0.3.12, ISC, approved, clearlydefined
npm/npmjs/-/conventional-changelog-eslint/1.0.9, ISC, approved, clearlydefined
npm/npmjs/-/conventional-changelog-express/0.3.6, ISC, approved, clearlydefined
npm/npmjs/-/conventional-changelog-jquery/0.1.0, ISC, approved, clearlydefined
npm/npmjs/-/conventional-changelog-jscs/0.1.0, ISC, approved, clearlydefined
npm/npmjs/-/conventional-changelog-jshint/0.3.8, ISC, approved, clearlydefined
npm/npmjs/-/conventional-changelog-preset-loader/1.1.8, MIT, approved, clearlydefined
npm/npmjs/-/conventional-changelog-writer/3.0.9, MIT, approved, clearlydefined
npm/npmjs/-/conventional-changelog/1.1.24, MIT, approved, clearlydefined
npm/npmjs/-/conventional-commits-filter/1.1.6, MIT, approved, clearlydefined
npm/npmjs/-/conventional-commits-parser/2.1.7, MIT, approved, clearlydefined
npm/npmjs/-/conventional-recommended-bump/1.2.1, MIT, approved, clearlydefined
npm/npmjs/-/convert-source-map/1.8.0, MIT, approved, clearlydefined
npm/npmjs/-/cookie-signature/1.0.6, MIT, approved, clearlydefined
npm/npmjs/-/cookie/0.4.0, MIT, approved, clearlydefined
npm/npmjs/-/cookie/0.4.1, MIT, approved, clearlydefined
npm/npmjs/-/copy-anything/2.0.3, MIT, restricted, clearlydefined
npm/npmjs/-/copy-concurrently/1.0.5, ISC, approved, clearlydefined
npm/npmjs/-/copy-webpack-plugin/8.1.1, MIT, approved, clearlydefined
npm/npmjs/-/core-js-compat/3.15.2, MIT, approved, clearlydefined
npm/npmjs/-/core-js/2.6.12, MIT, approved, clearlydefined
npm/npmjs/-/core-js/3.15.2, MIT, approved, clearlydefined
npm/npmjs/-/core-js/3.18.0, MIT, approved, clearlydefined
npm/npmjs/-/core-util-is/1.0.2, MIT, approved, clearlydefined
npm/npmjs/-/cp-file/6.2.0, MIT, approved, clearlydefined
npm/npmjs/-/crc-32/1.2.0, Apache-2.0, approved, clearlydefined
npm/npmjs/-/cross-spawn-async/2.2.5, MIT, approved, clearlydefined
npm/npmjs/-/cross-spawn/4.0.2, MIT, approved, clearlydefined
npm/npmjs/-/cross-spawn/5.1.0, MIT, approved, clearlydefined
npm/npmjs/-/cross-spawn/7.0.3, MIT, approved, clearlydefined
npm/npmjs/-/crypto-js/4.1.1, MIT, restricted, clearlydefined
npm/npmjs/-/css-color-names/0.0.4, MIT, approved, clearlydefined
npm/npmjs/-/css-loader/0.26.4, MIT, approved, clearlydefined
npm/npmjs/-/css-loader/0.28.11, MIT, approved, clearlydefined
npm/npmjs/-/css-selector-tokenizer/0.7.3, MIT, approved, clearlydefined
npm/npmjs/-/css-unit-converter/1.1.2, MIT, approved, clearlydefined
npm/npmjs/-/css-vendor/2.0.8, MIT, approved, clearlydefined
npm/npmjs/-/cssesc/3.0.0, MIT, approved, clearlydefined
npm/npmjs/-/cssnano/3.10.0, MIT, approved, clearlydefined
npm/npmjs/-/csso/2.3.2, MIT, approved, clearlydefined
npm/npmjs/-/cssom/0.3.8, MIT, approved, clearlydefined
npm/npmjs/-/cssom/0.4.4, MIT, approved, clearlydefined
npm/npmjs/-/cssstyle/2.3.0, MIT, approved, clearlydefined
npm/npmjs/-/csstype/2.6.17, MIT, approved, clearlydefined
npm/npmjs/-/csstype/3.0.8, MIT, approved, clearlydefined
npm/npmjs/-/currently-unhandled/0.4.1, MIT, approved, clearlydefined
npm/npmjs/-/cyclist/1.0.1, MIT, approved, clearlydefined
npm/npmjs/-/d/1.0.1, ISC, approved, clearlydefined
npm/npmjs/-/d3-array/2.12.1, BSD-3-Clause, approved, clearlydefined
npm/npmjs/-/d3-color/1.4.1, BSD-3-Clause, approved, clearlydefined
npm/npmjs/-/d3-color/2.0.0, BSD-3-Clause, approved, clearlydefined
npm/npmjs/-/d3-dispatch/1.0.6, BSD-3-Clause, approved, clearlydefined
npm/npmjs/-/d3-dispatch/2.0.0, BSD-3-Clause, approved, clearlydefined
npm/npmjs/-/d3-ease/1.0.7, BSD-3-Clause, approved, clearlydefined
npm/npmjs/-/d3-force/2.1.1, BSD-3-Clause, approved, clearlydefined
npm/npmjs/-/d3-format/2.0.0, BSD-3-Clause, approved, clearlydefined
npm/npmjs/-/d3-geo-projection/3.0.0, BSD-3-Clause, approved, clearlydefined
npm/npmjs/-/d3-geo/2.0.2, BSD-3-Clause, approved, clearlydefined
npm/npmjs/-/d3-interpolate/1.4.0, BSD-3-Clause, approved, clearlydefined
npm/npmjs/-/d3-interpolate/2.0.1, BSD-3-Clause, approved, clearlydefined
npm/npmjs/-/d3-path/1.0.9, BSD-3-Clause, approved, clearlydefined
npm/npmjs/-/d3-path/2.0.0, BSD-3-Clause, approved, clearlydefined
npm/npmjs/-/d3-quadtree/2.0.0, BSD-3-Clause, approved, clearlydefined
npm/npmjs/-/d3-scale/3.3.0, BSD-3-Clause, approved, clearlydefined
npm/npmjs/-/d3-selection/1.4.2, BSD-3-Clause, restricted, clearlydefined
npm/npmjs/-/d3-shape/1.3.7, BSD-3-Clause, approved, clearlydefined
npm/npmjs/-/d3-shape/2.1.0, BSD-3-Clause, approved, clearlydefined
npm/npmjs/-/d3-time-format/3.0.0, BSD-3-Clause, approved, clearlydefined
npm/npmjs/-/d3-time/2.1.1, BSD-3-Clause, approved, clearlydefined
npm/npmjs/-/d3-timer/1.0.10, BSD-3-Clause, approved, clearlydefined
npm/npmjs/-/d3-timer/2.0.0, BSD-3-Clause, approved, clearlydefined
npm/npmjs/-/d3-transition/1.3.2, BSD-3-Clause, approved, clearlydefined
npm/npmjs/-/dargs/4.1.0, MIT, approved, clearlydefined
npm/npmjs/-/dash-ast/1.0.0, Apache-2.0, approved, clearlydefined
npm/npmjs/-/dashdash/1.14.1, MIT, approved, clearlydefined
npm/npmjs/-/data-urls/2.0.0, MIT, approved, clearlydefined
npm/npmjs/-/dateformat/3.0.3, MIT, approved, clearlydefined
npm/npmjs/-/debounce-fn/3.0.1, MIT, approved, clearlydefined
npm/npmjs/-/debug/0.8.1, MIT, approved, clearlydefined
npm/npmjs/-/debug/2.6.9, MIT, approved, clearlydefined
npm/npmjs/-/debug/3.2.6, MIT, approved, clearlydefined
npm/npmjs/-/debug/3.2.7, MIT, approved, clearlydefined
npm/npmjs/-/debug/4.3.2, MIT, approved, clearlydefined
npm/npmjs/-/decamelize-keys/1.1.0, MIT, approved, clearlydefined
npm/npmjs/-/decamelize/1.2.0, MIT, approved, clearlydefined
npm/npmjs/-/decimal.js-light/2.5.1, MIT, approved, clearlydefined
npm/npmjs/-/decimal.js/10.3.1, MIT, approved, clearlydefined
npm/npmjs/-/decompress-response/3.3.0, MIT, approved, clearlydefined
npm/npmjs/-/decompress-response/4.2.1, MIT, approved, clearlydefined
npm/npmjs/-/decompress-tar/4.1.1, MIT, approved, clearlydefined
npm/npmjs/-/decompress-tarbz2/4.1.1, MIT, approved, clearlydefined
npm/npmjs/-/decompress-targz/4.1.1, MIT, approved, clearlydefined
npm/npmjs/-/decompress-unzip/4.0.1, MIT, approved, clearlydefined
npm/npmjs/-/decompress/4.2.1, MIT, approved, clearlydefined
npm/npmjs/-/dedent/0.7.0, MIT, approved, clearlydefined
npm/npmjs/-/deep-eql/3.0.1, MIT, approved, clearlydefined
npm/npmjs/-/deep-equal/1.1.1, MIT, approved, clearlydefined
npm/npmjs/-/deep-extend/0.6.0, MIT, approved, clearlydefined
npm/npmjs/-/deep-is/0.1.4, MIT, approved, clearlydefined
npm/npmjs/-/deepmerge/2.0.1, MIT, approved, clearlydefined
npm/npmjs/-/default-shell/1.0.1, MIT, approved, clearlydefined
npm/npmjs/-/defaults/1.0.3, MIT, approved, clearlydefined
npm/npmjs/-/defer-to-connect/1.1.3, MIT, approved, clearlydefined
npm/npmjs/-/define-properties/1.1.3, MIT, approved, clearlydefined
npm/npmjs/-/defined/1.0.0, MIT, approved, clearlydefined
npm/npmjs/-/delayed-stream/1.0.0, MIT, approved, clearlydefined
npm/npmjs/-/delegates/1.0.0, MIT, approved, clearlydefined
npm/npmjs/-/depd/1.1.2, MIT, approved, clearlydefined
npm/npmjs/-/destroy/1.0.4, MIT, approved, clearlydefined
npm/npmjs/-/detect-indent/5.0.0, MIT, approved, clearlydefined
npm/npmjs/-/detect-libc/1.0.3, Apache-2.0, approved, clearlydefined
npm/npmjs/-/detect-node/2.1.0, MIT, approved, clearlydefined
npm/npmjs/-/dfa/1.2.0, MIT, approved, clearlydefined
npm/npmjs/-/diff/3.5.0, BSD-3-Clause, approved, clearlydefined
npm/npmjs/-/dir-glob/2.2.2, MIT, approved, clearlydefined
npm/npmjs/-/dir-glob/3.0.1, MIT, approved, clearlydefined
npm/npmjs/-/dom-helpers/3.4.0, MIT, approved, CQ22349
npm/npmjs/-/dom-helpers/5.2.1, MIT, approved, clearlydefined
npm/npmjs/-/domexception/2.0.1, MIT, approved, clearlydefined
npm/npmjs/-/dompurify/2.3.0, Apache-2.0 OR MPL-2.0 OR (Apache-2.0 AND MPL-2.0), approved, clearlydefined
npm/npmjs/-/dot-prop/3.0.0, MIT, approved, clearlydefined
npm/npmjs/-/dot-prop/5.3.0, MIT, approved, clearlydefined
npm/npmjs/-/dotignore/0.1.2, MIT, approved, clearlydefined
npm/npmjs/-/drivelist/9.2.4, Apache-2.0, approved, #264
npm/npmjs/-/duplexer/0.1.2, MIT, approved, #1002
npm/npmjs/-/duplexer2/0.1.4, BSD-3-Clause, approved, clearlydefined
npm/npmjs/-/duplexer3/0.1.4, BSD-3-Clause, approved, clearlydefined
npm/npmjs/-/duplexify/3.7.1, MIT, approved, clearlydefined
npm/npmjs/-/ecc-jsbn/0.1.2, MIT, approved, clearlydefined
npm/npmjs/-/ee-first/1.1.1, MIT, approved, clearlydefined
npm/npmjs/-/electron-download/4.1.1, BSD-3-Clause, approved, clearlydefined
npm/npmjs/-/electron-rebuild/1.11.0, MIT, approved, clearlydefined
npm/npmjs/-/electron-store/5.2.0, MIT, approved, clearlydefined
npm/npmjs/-/electron-to-chromium/1.3.784, ISC, approved, #1204
npm/npmjs/-/electron/9.4.4, MIT, approved, clearlydefined
npm/npmjs/-/emoji-regex/7.0.3, MIT, approved, clearlydefined
npm/npmjs/-/emoji-regex/8.0.0, MIT, approved, clearlydefined
npm/npmjs/-/emojis-list/2.1.0, MIT, approved, clearlydefined
npm/npmjs/-/emojis-list/3.0.0, MIT, approved, clearlydefined
npm/npmjs/-/encodeurl/1.0.2, MIT, approved, clearlydefined
npm/npmjs/-/end-of-stream/1.4.4, MIT, approved, clearlydefined
npm/npmjs/-/enhanced-resolve/5.8.2, MIT, approved, clearlydefined
npm/npmjs/-/entities/1.1.2, BSD-2-Clause, approved, clearlydefined
npm/npmjs/-/env-paths/1.0.0, MIT, approved, clearlydefined
npm/npmjs/-/env-paths/2.2.1, MIT, approved, clearlydefined
npm/npmjs/-/envinfo/7.8.1, MIT, approved, clearlydefined
npm/npmjs/-/errno/0.1.8, MIT, approved, clearlydefined
npm/npmjs/-/error-ex/1.3.2, MIT, approved, clearlydefined
npm/npmjs/-/es-abstract/1.18.3, MIT, approved, clearlydefined
npm/npmjs/-/es-module-lexer/0.7.1, MIT, approved, clearlydefined
npm/npmjs/-/es-to-primitive/1.2.1, MIT, approved, clearlydefined
npm/npmjs/-/es5-ext/0.10.53, ISC, restricted, clearlydefined
npm/npmjs/-/es6-error/4.1.1, MIT, approved, clearlydefined
npm/npmjs/-/es6-iterator/2.0.3, MIT, approved, clearlydefined
npm/npmjs/-/es6-map/0.1.5, MIT, approved, clearlydefined
npm/npmjs/-/es6-promise/4.2.8, MIT, approved, clearlydefined
npm/npmjs/-/es6-set/0.1.5, MIT, approved, clearlydefined
npm/npmjs/-/es6-symbol/3.1.1, MIT, approved, clearlydefined
npm/npmjs/-/es6-symbol/3.1.3, ISC, approved, clearlydefined
npm/npmjs/-/escalade/3.1.1, MIT, approved, clearlydefined
npm/npmjs/-/escape-html/1.0.3, MIT, approved, clearlydefined
npm/npmjs/-/escape-string-regexp/1.0.5, MIT, approved, clearlydefined
npm/npmjs/-/escape-string-regexp/4.0.0, MIT, approved, clearlydefined
npm/npmjs/-/escodegen/1.14.3, BSD-2-Clause, approved, clearlydefined
npm/npmjs/-/escodegen/1.2.0, BSD-2-Clause, restricted, clearlydefined
npm/npmjs/-/escodegen/2.0.0, BSD-2-Clause, approved, clearlydefined
npm/npmjs/-/eslint-scope/5.1.1, BSD-2-Clause, approved, clearlydefined
npm/npmjs/-/esprima/1.0.4, BSD-2-Clause, restricted, clearlydefined
npm/npmjs/-/esprima/2.7.3, BSD-2-Clause, restricted, clearlydefined
npm/npmjs/-/esprima/3.1.3, BSD-2-Clause, approved, #947
npm/npmjs/-/esprima/4.0.1, BSD-2-Clause, approved, #995
npm/npmjs/-/esrecurse/4.3.0, BSD-2-Clause, approved, clearlydefined
npm/npmjs/-/estraverse/1.5.1, BSD-2-Clause, restricted, clearlydefined
npm/npmjs/-/estraverse/4.3.0, BSD-2-Clause, approved, #518
npm/npmjs/-/estraverse/5.2.0, BSD-2-Clause AND MIT, approved, #881
npm/npmjs/-/estree-is-function/1.0.0, Apache-2.0, approved, clearlydefined
npm/npmjs/-/esutils/1.0.0, BSD-2-Clause, restricted, clearlydefined
npm/npmjs/-/esutils/2.0.3, BSD-2-Clause, approved, clearlydefined
npm/npmjs/-/etag/1.8.1, MIT, approved, clearlydefined
npm/npmjs/-/event-emitter/0.3.5, MIT, approved, clearlydefined
npm/npmjs/-/eventemitter3/4.0.7, MIT, approved, clearlydefined
npm/npmjs/-/events/3.3.0, MIT, approved, clearlydefined
npm/npmjs/-/execa/0.2.2, MIT, approved, clearlydefined
npm/npmjs/-/execa/0.5.1, MIT, approved, clearlydefined
npm/npmjs/-/execa/0.7.0, MIT, approved, clearlydefined
npm/npmjs/-/execa/0.8.0, MIT, approved, clearlydefined
npm/npmjs/-/execa/5.1.1, MIT, approved, clearlydefined
npm/npmjs/-/exit-on-epipe/1.0.1, Apache-2.0, approved, clearlydefined
npm/npmjs/-/expand-template/2.0.3, MIT OR WTFPL, restricted, clearlydefined
npm/npmjs/-/express/4.17.1, BSD-3-Clause AND MIT, approved, CQ20009
npm/npmjs/-/ext/1.6.0, ISC, approved, clearlydefined
npm/npmjs/-/extend/3.0.2, MIT, approved, clearlydefined
npm/npmjs/-/external-editor/2.2.0, MIT, approved, clearlydefined
npm/npmjs/-/extract-zip/1.7.0, BSD-2-Clause, approved, clearlydefined
npm/npmjs/-/extsprintf/1.3.0, MIT, restricted, clearlydefined
npm/npmjs/-/extsprintf/1.4.0, MIT, approved, #1039
npm/npmjs/-/fast-deep-equal/3.1.3, MIT, approved, clearlydefined
npm/npmjs/-/fast-equals/2.0.3, MIT, approved, clearlydefined
npm/npmjs/-/fast-glob/3.2.7, MIT, approved, clearlydefined
npm/npmjs/-/fast-json-stable-stringify/2.1.0, MIT, approved, clearlydefined
npm/npmjs/-/fast-levenshtein/2.0.6, MIT, approved, clearlydefined
npm/npmjs/-/fast-plist/0.1.2, MIT, approved, clearlydefined
npm/npmjs/-/fastest-levenshtein/1.0.12, MIT, approved, clearlydefined
npm/npmjs/-/fastparse/1.1.2, MIT, approved, clearlydefined
npm/npmjs/-/fastq/1.11.1, ISC, approved, clearlydefined
npm/npmjs/-/fd-slicer/1.1.0, MIT, approved, clearlydefined
npm/npmjs/-/fflate/0.3.11, MIT, approved, clearlydefined
npm/npmjs/-/figgy-pudding/3.5.2, ISC, approved, #876
npm/npmjs/-/figures/2.0.0, MIT, approved, clearlydefined
npm/npmjs/-/file-icons-js/1.0.3, MIT, approved, clearlydefined
npm/npmjs/-/file-type/3.9.0, MIT, approved, clearlydefined
npm/npmjs/-/file-type/5.2.0, MIT, approved, clearlydefined
npm/npmjs/-/file-type/6.2.0, MIT, approved, clearlydefined
npm/npmjs/-/file-uri-to-path/1.0.0, MIT, approved, clearlydefined
npm/npmjs/-/filename-reserved-regex/2.0.0, MIT, approved, clearlydefined
npm/npmjs/-/fill-range/7.0.1, MIT, approved, clearlydefined
npm/npmjs/-/finalhandler/1.1.2, MIT, approved, clearlydefined
npm/npmjs/-/find-cache-dir/3.3.1, MIT, approved, clearlydefined
npm/npmjs/-/find-up/1.1.2, MIT, approved, clearlydefined
npm/npmjs/-/find-up/2.1.0, MIT, approved, clearlydefined
npm/npmjs/-/find-up/3.0.0, MIT, approved, clearlydefined
npm/npmjs/-/find-up/4.1.0, MIT, approved, clearlydefined
npm/npmjs/-/fix-path/3.0.0, MIT, approved, clearlydefined
npm/npmjs/-/flat/4.1.1, BSD-3-Clause, approved, clearlydefined
npm/npmjs/-/flatten/1.0.3, MIT, approved, clearlydefined
npm/npmjs/-/flush-write-stream/1.1.1, MIT, approved, clearlydefined
npm/npmjs/-/fmin/0.0.2, BSD-3-Clause, approved, clearlydefined
npm/npmjs/-/font-awesome-webpack/0.0.5-beta.2, MIT, approved, clearlydefined
npm/npmjs/-/font-awesome/4.7.0, OFL-1.1 AND MIT, restricted, clearlydefined
npm/npmjs/-/fontkit/1.8.1, MIT, approved, clearlydefined
npm/npmjs/-/for-each/0.3.3, MIT, approved, clearlydefined
npm/npmjs/-/forever-agent/0.6.1, Apache-2.0, approved, clearlydefined
npm/npmjs/-/form-data/2.3.3, MIT, approved, clearlydefined
npm/npmjs/-/form-data/2.5.1, MIT, approved, clearlydefined
npm/npmjs/-/form-data/3.0.1, MIT, approved, clearlydefined
npm/npmjs/-/forwarded/0.2.0, MIT, approved, clearlydefined
npm/npmjs/-/frac/1.1.2, Apache-2.0, approved, clearlydefined
npm/npmjs/-/fresh/0.5.2, MIT, approved, clearlydefined
npm/npmjs/-/from2/2.3.0, MIT, approved, clearlydefined
npm/npmjs/-/fs-constants/1.0.0, MIT, approved, clearlydefined
npm/npmjs/-/fs-extra/4.0.3, MIT, approved, #1133
npm/npmjs/-/fs-extra/8.1.0, MIT, approved, clearlydefined
npm/npmjs/-/fs-minipass/1.2.7, ISC, approved, clearlydefined
npm/npmjs/-/fs-minipass/2.1.0, ISC, approved, clearlydefined
npm/npmjs/-/fs-write-stream-atomic/1.0.10, ISC, approved, clearlydefined
npm/npmjs/-/fs.realpath/1.0.0, ISC, approved, clearlydefined
npm/npmjs/-/fsevents/2.1.3, MIT, approved, clearlydefined
npm/npmjs/-/fstream/1.0.12, ISC, approved, clearlydefined
npm/npmjs/-/function-bind/1.1.1, MIT, approved, clearlydefined
npm/npmjs/-/fuzzy/0.1.3, MIT, approved, clearlydefined
npm/npmjs/-/gauge/2.7.4, ISC, approved, #988
npm/npmjs/-/gensync/1.0.0-beta.2, MIT, approved, clearlydefined
npm/npmjs/-/get-assigned-identifiers/1.2.0, Apache-2.0, approved, clearlydefined
npm/npmjs/-/get-caller-file/1.0.3, ISC, approved, clearlydefined
npm/npmjs/-/get-caller-file/2.0.5, ISC, approved, clearlydefined
npm/npmjs/-/get-func-name/2.0.0, MIT, approved, clearlydefined
npm/npmjs/-/get-intrinsic/1.1.1, MIT, approved, clearlydefined
npm/npmjs/-/get-pkg-repo/1.4.0, MIT, approved, clearlydefined
npm/npmjs/-/get-port/3.2.0, MIT, approved, clearlydefined
npm/npmjs/-/get-stdin/4.0.1, MIT, approved, clearlydefined
npm/npmjs/-/get-stream/2.3.1, MIT, approved, clearlydefined
npm/npmjs/-/get-stream/3.0.0, MIT, approved, clearlydefined
npm/npmjs/-/get-stream/4.1.0, MIT, approved, clearlydefined
npm/npmjs/-/get-stream/5.2.0, MIT, approved, clearlydefined
npm/npmjs/-/get-stream/6.0.1, MIT, approved, clearlydefined
npm/npmjs/-/getpass/0.1.7, MIT, approved, clearlydefined
npm/npmjs/-/git-raw-commits/1.3.6, MIT, approved, clearlydefined
npm/npmjs/-/git-remote-origin-url/2.0.0, MIT, approved, clearlydefined
npm/npmjs/-/git-semver-tags/1.3.6, MIT, approved, clearlydefined
npm/npmjs/-/gitconfiglocal/1.0.0, BSD-3-Clause, approved, #982
npm/npmjs/-/github-from-package/0.0.0, MIT, approved, clearlydefined
npm/npmjs/-/glob-parent/3.1.0, ISC, approved, clearlydefined
npm/npmjs/-/glob-parent/5.1.2, ISC, approved, clearlydefined
npm/npmjs/-/glob-to-regexp/0.4.1, BSD-2-Clause, approved, clearlydefined
npm/npmjs/-/glob/7.1.3, ISC, approved, #994
npm/npmjs/-/glob/7.1.7, ISC, approved, #994
npm/npmjs/-/global-agent/2.2.0, BSD-3-Clause, approved, clearlydefined
npm/npmjs/-/global-tunnel-ng/2.7.1, BSD-3-Clause, approved, clearlydefined
npm/npmjs/-/globals/11.12.0, MIT, approved, clearlydefined
npm/npmjs/-/globalthis/1.0.2, MIT, approved, clearlydefined
npm/npmjs/-/globby/11.0.4, MIT, approved, clearlydefined
npm/npmjs/-/globby/6.1.0, MIT, approved, clearlydefined
npm/npmjs/-/globby/7.1.1, MIT, approved, clearlydefined
npm/npmjs/-/got/9.6.0, MIT, approved, clearlydefined
npm/npmjs/-/graceful-fs/4.2.6, ISC, approved, clearlydefined
npm/npmjs/-/growl/1.10.5, MIT, approved, clearlydefined
npm/npmjs/-/gud/1.0.0, MIT, approved, clearlydefined
npm/npmjs/-/handlebars/4.7.7, MIT, approved, clearlydefined
npm/npmjs/-/har-schema/2.0.0, ISC, approved, clearlydefined
npm/npmjs/-/har-validator/5.1.5, MIT, approved, clearlydefined
npm/npmjs/-/has-ansi/2.0.0, MIT, approved, clearlydefined
npm/npmjs/-/has-bigints/1.0.1, MIT, approved, clearlydefined
npm/npmjs/-/has-flag/1.0.0, MIT, approved, clearlydefined
npm/npmjs/-/has-flag/3.0.0, MIT, approved, clearlydefined
npm/npmjs/-/has-flag/4.0.0, MIT, approved, clearlydefined
npm/npmjs/-/has-symbols/1.0.2, MIT, approved, clearlydefined
npm/npmjs/-/has-tostringtag/1.0.0, MIT, approved, clearlydefined
npm/npmjs/-/has-unicode/2.0.1, ISC, approved, clearlydefined
npm/npmjs/-/has/1.0.3, MIT, approved, clearlydefined
npm/npmjs/-/he/1.2.0, MIT, approved, clearlydefined
npm/npmjs/-/hoist-non-react-statics/3.3.2, BSD-3-Clause, approved, clearlydefined
npm/npmjs/-/hosted-git-info/2.8.9, ISC, approved, clearlydefined
npm/npmjs/-/html-comment-regex/1.1.2, MIT, approved, clearlydefined
npm/npmjs/-/html-encoding-sniffer/2.0.1, MIT, approved, clearlydefined
npm/npmjs/-/http-cache-semantics/4.1.0, BSD-2-Clause, approved, clearlydefined
npm/npmjs/-/http-errors/1.7.2, MIT, approved, clearlydefined
npm/npmjs/-/http-errors/1.7.3, MIT, approved, clearlydefined
npm/npmjs/-/http-https/1.0.0, ISC, approved, clearlydefined
npm/npmjs/-/http-proxy-agent/4.0.1, MIT, approved, clearlydefined
npm/npmjs/-/http-signature/1.2.0, MIT, approved, clearlydefined
npm/npmjs/-/http-status-codes/1.4.0, MIT, approved, clearlydefined
npm/npmjs/-/https-proxy-agent/4.0.0, MIT, approved, clearlydefined
npm/npmjs/-/https-proxy-agent/5.0.0, MIT, approved, clearlydefined
npm/npmjs/-/human-signals/2.1.0, Apache-2.0, approved, clearlydefined
npm/npmjs/-/hyphenate-style-name/1.0.4, BSD-3-Clause, approved, clearlydefined
npm/npmjs/-/iconv-lite/0.4.24, MIT, approved, clearlydefined
npm/npmjs/-/iconv-lite/0.6.3, MIT, approved, clearlydefined
npm/npmjs/-/icss-replace-symbols/1.1.0, ISC, approved, clearlydefined
npm/npmjs/-/icss-utils/2.1.0, ISC, approved, clearlydefined
npm/npmjs/-/idb/4.0.5, ISC, approved, clearlydefined
npm/npmjs/-/ieee754/1.2.1, BSD-3-Clause, approved, clearlydefined
npm/npmjs/-/iferr/0.1.5, MIT, approved, clearlydefined
npm/npmjs/-/ignore-loader/0.1.2, MIT, approved, clearlydefined
npm/npmjs/-/ignore/3.3.10, MIT, approved, clearlydefined
npm/npmjs/-/ignore/5.1.8, MIT, approved, clearlydefined
npm/npmjs/-/image-size/0.5.5, MIT, approved, clearlydefined
npm/npmjs/-/import-local/3.0.2, MIT, approved, clearlydefined
npm/npmjs/-/imurmurhash/0.1.4, MIT, approved, clearlydefined
npm/npmjs/-/indent-string/2.1.0, MIT, approved, clearlydefined
npm/npmjs/-/indent-string/3.2.0, MIT, approved, clearlydefined
npm/npmjs/-/indent-string/4.0.0, MIT, approved, clearlydefined
npm/npmjs/-/indexes-of/1.0.1, MIT, approved, clearlydefined
npm/npmjs/-/inflight/1.0.6, ISC, approved, clearlydefined
npm/npmjs/-/inherits/2.0.3, ISC, approved, clearlydefined
npm/npmjs/-/inherits/2.0.4, ISC, approved, clearlydefined
npm/npmjs/-/ini/1.3.8, ISC AND MIT AND BSD-3-Clause, approved, CQ23023
npm/npmjs/-/inquirer/3.3.0, MIT, approved, clearlydefined
npm/npmjs/-/internmap/1.0.1, ISC, approved, clearlydefined
npm/npmjs/-/interpret/2.2.0, MIT, approved, clearlydefined
npm/npmjs/-/inversify/5.1.1, MIT, approved, clearlydefined
npm/npmjs/-/invert-kv/1.0.0, MIT, approved, clearlydefined
npm/npmjs/-/ipaddr.js/1.9.1, MIT, approved, clearlydefined
npm/npmjs/-/is-absolute-url/2.1.0, MIT, approved, clearlydefined
npm/npmjs/-/is-arguments/1.1.0, MIT, approved, clearlydefined
npm/npmjs/-/is-arrayish/0.2.1, MIT, approved, clearlydefined
npm/npmjs/-/is-bigint/1.0.2, MIT, approved, clearlydefined
npm/npmjs/-/is-binary-path/2.1.0, MIT, approved, clearlydefined
npm/npmjs/-/is-boolean-object/1.1.1, MIT, approved, clearlydefined
npm/npmjs/-/is-buffer/1.1.6, MIT, approved, clearlydefined
npm/npmjs/-/is-buffer/2.0.5, MIT, approved, clearlydefined
npm/npmjs/-/is-callable/1.2.3, MIT, approved, clearlydefined
npm/npmjs/-/is-callable/1.2.4, MIT, approved, clearlydefined
npm/npmjs/-/is-ci/1.2.1, MIT, approved, clearlydefined
npm/npmjs/-/is-core-module/2.5.0, MIT, approved, clearlydefined
npm/npmjs/-/is-date-object/1.0.4, MIT, approved, clearlydefined
npm/npmjs/-/is-electron/2.2.0, MIT, approved, clearlydefined
npm/npmjs/-/is-extglob/2.1.1, MIT, approved, clearlydefined
npm/npmjs/-/is-finite/1.1.0, MIT, approved, clearlydefined
npm/npmjs/-/is-fullwidth-code-point/1.0.0, MIT, approved, clearlydefined
npm/npmjs/-/is-fullwidth-code-point/2.0.0, MIT, approved, clearlydefined
npm/npmjs/-/is-fullwidth-code-point/3.0.0, MIT, approved, clearlydefined
npm/npmjs/-/is-glob/3.1.0, MIT, approved, clearlydefined
npm/npmjs/-/is-glob/4.0.1, MIT, approved, clearlydefined
npm/npmjs/-/is-in-browser/1.1.3, MIT, approved, clearlydefined
npm/npmjs/-/is-natural-number/4.0.1, MIT, approved, clearlydefined
npm/npmjs/-/is-negative-zero/2.0.1, MIT, approved, clearlydefined
npm/npmjs/-/is-number-object/1.0.5, MIT, approved, clearlydefined
npm/npmjs/-/is-number/7.0.0, MIT, approved, clearlydefined
npm/npmjs/-/is-obj/1.0.1, MIT, approved, clearlydefined
npm/npmjs/-/is-obj/2.0.0, MIT, approved, clearlydefined
npm/npmjs/-/is-path-inside/3.0.3, MIT, approved, clearlydefined
npm/npmjs/-/is-plain-obj/1.1.0, MIT, approved, clearlydefined
npm/npmjs/-/is-plain-object/2.0.4, MIT, approved, clearlydefined
npm/npmjs/-/is-potential-custom-element-name/1.0.1, MIT, approved, clearlydefined
npm/npmjs/-/is-regex/1.1.3, MIT, approved, clearlydefined
npm/npmjs/-/is-regex/1.1.4, MIT, approved, clearlydefined
npm/npmjs/-/is-stream/1.1.0, MIT, approved, clearlydefined
npm/npmjs/-/is-stream/2.0.0, MIT, approved, clearlydefined
npm/npmjs/-/is-string/1.0.6, MIT, approved, clearlydefined
npm/npmjs/-/is-subset/0.1.1, MIT, approved, clearlydefined
npm/npmjs/-/is-svg/2.1.0, MIT, approved, clearlydefined
npm/npmjs/-/is-symbol/1.0.4, MIT, approved, clearlydefined
npm/npmjs/-/is-text-path/1.0.1, MIT, approved, clearlydefined
npm/npmjs/-/is-typedarray/1.0.0, MIT, approved, clearlydefined
npm/npmjs/-/is-utf8/0.2.1, MIT, approved, clearlydefined
npm/npmjs/-/is-what/3.14.1, MIT, approved, clearlydefined
npm/npmjs/-/isarray/0.0.1, MIT, approved, clearlydefined
npm/npmjs/-/isarray/1.0.0, MIT, approved, clearlydefined
npm/npmjs/-/isexe/2.0.0, ISC, approved, clearlydefined
npm/npmjs/-/isobject/3.0.1, MIT, approved, clearlydefined
npm/npmjs/-/isstream/0.1.2, MIT, approved, clearlydefined
npm/npmjs/-/jest-worker/27.0.6, MIT, approved, clearlydefined
npm/npmjs/-/js-base64/2.6.4, BSD-3-Clause, approved, clearlydefined
npm/npmjs/-/js-tokens/3.0.2, MIT, approved, clearlydefined
npm/npmjs/-/js-tokens/4.0.0, MIT, approved, clearlydefined
npm/npmjs/-/js-yaml/3.13.1, MIT, approved, CQ22631
npm/npmjs/-/js-yaml/3.7.0, MIT, approved, #977
npm/npmjs/-/jsbn/0.1.1, MIT, approved, clearlydefined
npm/npmjs/-/jschardet/2.3.0, LGPL-2.1 AND LGPL-2.1+, restricted, clearlydefined
npm/npmjs/-/jsdom/16.7.0, LGPL-2.0-or-later AND MIT, restricted, #1370
npm/npmjs/-/jsesc/0.5.0, MIT, approved, clearlydefined
npm/npmjs/-/jsesc/2.5.2, MIT, approved, clearlydefined
npm/npmjs/-/json-buffer/3.0.0, MIT, approved, clearlydefined
npm/npmjs/-/json-parse-better-errors/1.0.2, MIT, approved, clearlydefined
npm/npmjs/-/json-schema-traverse/0.4.1, MIT, approved, clearlydefined
npm/npmjs/-/json-schema-typed/7.0.3, BSD-2-Clause, approved, clearlydefined
npm/npmjs/-/json-schema/0.2.3, (AFL-2.1 OR BSD-3-Clause) AND MIT, approved, #1046
npm/npmjs/-/json-stringify-safe/5.0.1, ISC, approved, clearlydefined
npm/npmjs/-/json2module/0.0.3, BSD-3-Clause, approved, clearlydefined
npm/npmjs/-/json5/0.5.1, MIT, approved, #1040
npm/npmjs/-/json5/1.0.1, MIT, approved, CQ22351
npm/npmjs/-/json5/2.2.0, MIT, approved, clearlydefined
npm/npmjs/-/jsonc-parser/2.3.1, MIT, approved, clearlydefined
npm/npmjs/-/jsonfile/4.0.0, MIT, approved, clearlydefined
npm/npmjs/-/jsonparse/1.3.1, MIT, approved, clearlydefined
npm/npmjs/-/jsprim/1.4.1, MIT, approved, clearlydefined
npm/npmjs/-/jss-plugin-camel-case/10.7.1, MIT, approved, clearlydefined
npm/npmjs/-/jss-plugin-default-unit/10.7.1, MIT, approved, clearlydefined
npm/npmjs/-/jss-plugin-global/10.7.1, MIT, approved, clearlydefined
npm/npmjs/-/jss-plugin-nested/10.7.1, MIT, approved, clearlydefined
npm/npmjs/-/jss-plugin-props-sort/10.7.1, MIT, approved, clearlydefined
npm/npmjs/-/jss-plugin-rule-value-function/10.7.1, MIT, approved, clearlydefined
npm/npmjs/-/jss-plugin-vendor-prefixer/10.7.1, MIT, approved, clearlydefined
npm/npmjs/-/jss/10.7.1, MIT, approved, clearlydefined
npm/npmjs/-/keytar/7.7.0, MIT, approved, clearlydefined
npm/npmjs/-/keyv/3.1.0, MIT, approved, clearlydefined
npm/npmjs/-/kind-of/3.2.2, MIT, approved, clearlydefined
npm/npmjs/-/kind-of/6.0.3, MIT, approved, clearlydefined
npm/npmjs/-/lazy-cache/1.0.4, MIT, approved, clearlydefined
npm/npmjs/-/lcid/1.0.0, MIT, approved, clearlydefined
npm/npmjs/-/lerna/2.4.0, MIT, approved, clearlydefined
npm/npmjs/-/less-loader/2.2.3, MIT, approved, #1212
npm/npmjs/-/less/3.13.1, Apache-2.0, restricted, clearlydefined
npm/npmjs/-/levn/0.3.0, MIT, approved, clearlydefined
npm/npmjs/-/linebreak/1.0.2, MIT, approved, clearlydefined
npm/npmjs/-/linkify-it/2.2.0, MIT, approved, clearlydefined
npm/npmjs/-/listenercount/1.0.1, ISC, approved, clearlydefined
npm/npmjs/-/load-json-file/1.1.0, MIT, approved, clearlydefined
npm/npmjs/-/load-json-file/2.0.0, MIT, approved, clearlydefined
npm/npmjs/-/load-json-file/3.0.0, MIT, approved, clearlydefined
npm/npmjs/-/load-json-file/4.0.0, MIT, approved, clearlydefined
npm/npmjs/-/loader-runner/4.2.0, MIT, approved, clearlydefined
npm/npmjs/-/loader-utils/0.2.17, MIT, approved, clearlydefined
npm/npmjs/-/loader-utils/1.4.0, MIT, approved, clearlydefined
npm/npmjs/-/loader-utils/2.0.0, MIT, approved, clearlydefined
npm/npmjs/-/locate-path/2.0.0, MIT, approved, clearlydefined
npm/npmjs/-/locate-path/3.0.0, MIT, approved, clearlydefined
npm/npmjs/-/locate-path/5.0.0, MIT, approved, clearlydefined
npm/npmjs/-/lodash._reinterpolate/3.0.0, MIT, approved, clearlydefined
npm/npmjs/-/lodash.assign/4.2.0, MIT, approved, clearlydefined
npm/npmjs/-/lodash.camelcase/4.3.0, MIT, approved, clearlydefined
npm/npmjs/-/lodash.debounce/4.0.8, MIT, approved, clearlydefined
npm/npmjs/-/lodash.memoize/4.1.2, MIT, approved, clearlydefined
npm/npmjs/-/lodash.template/4.5.0, MIT, approved, clearlydefined
npm/npmjs/-/lodash.templatesettings/4.2.0, MIT, approved, clearlydefined
npm/npmjs/-/lodash.throttle/4.1.1, MIT, approved, clearlydefined
npm/npmjs/-/lodash.uniq/4.5.0, MIT, approved, clearlydefined
npm/npmjs/-/lodash/4.17.21, MIT, approved, clearlydefined
npm/npmjs/-/log-symbols/2.2.0, MIT, approved, clearlydefined
npm/npmjs/-/log-symbols/3.0.0, MIT, approved, clearlydefined
npm/npmjs/-/longest/1.0.1, MIT, approved, clearlydefined
npm/npmjs/-/loose-envify/1.4.0, MIT, approved, clearlydefined
npm/npmjs/-/loud-rejection/1.6.0, MIT, approved, clearlydefined
npm/npmjs/-/lowercase-keys/1.0.1, MIT, approved, clearlydefined
npm/npmjs/-/lowercase-keys/2.0.0, MIT, approved, clearlydefined
npm/npmjs/-/lru-cache/4.1.5, ISC, approved, clearlydefined
npm/npmjs/-/lru-cache/5.1.1, ISC, approved, clearlydefined
npm/npmjs/-/lru-cache/6.0.0, ISC, approved, clearlydefined
npm/npmjs/-/magic-string/0.25.1, MIT, approved, clearlydefined
npm/npmjs/-/make-dir/1.3.0, MIT, approved, clearlydefined
npm/npmjs/-/make-dir/2.1.0, MIT, approved, clearlydefined
npm/npmjs/-/make-dir/3.1.0, MIT, approved, clearlydefined
npm/npmjs/-/map-obj/1.0.1, MIT, approved, clearlydefined
npm/npmjs/-/map-obj/2.0.0, MIT, approved, clearlydefined
npm/npmjs/-/markdown-it/8.4.2, MIT, approved, clearlydefined
npm/npmjs/-/matcher/3.0.0, MIT, approved, clearlydefined
npm/npmjs/-/math-expression-evaluator/1.3.8, MIT, approved, clearlydefined
npm/npmjs/-/mdurl/1.0.1, MIT, approved, clearlydefined
npm/npmjs/-/media-typer/0.3.0, MIT, approved, clearlydefined
npm/npmjs/-/mem/1.1.0, MIT, approved, clearlydefined
npm/npmjs/-/meow/3.7.0, MIT, approved, clearlydefined
npm/npmjs/-/meow/4.0.1, MIT, approved, clearlydefined
npm/npmjs/-/merge-descriptors/1.0.1, MIT, approved, clearlydefined
npm/npmjs/-/merge-source-map/1.0.4, MIT, approved, clearlydefined
npm/npmjs/-/merge-stream/2.0.0, MIT, approved, clearlydefined
npm/npmjs/-/merge2/1.4.1, MIT, approved, clearlydefined
npm/npmjs/-/methods/1.1.2, MIT, approved, clearlydefined
npm/npmjs/-/micromatch/4.0.4, MIT, approved, clearlydefined
npm/npmjs/-/mime-db/1.48.0, MIT, approved, clearlydefined
npm/npmjs/-/mime-types/2.1.31, MIT, approved, clearlydefined
npm/npmjs/-/mime/1.6.0, MIT, approved, clearlydefined
npm/npmjs/-/mime/2.5.2, MIT, approved, CQ23451
npm/npmjs/-/mimic-fn/1.2.0, MIT, approved, clearlydefined
npm/npmjs/-/mimic-fn/2.1.0, MIT, approved, clearlydefined
npm/npmjs/-/mimic-response/1.0.1, MIT, approved, clearlydefined
npm/npmjs/-/mimic-response/2.1.0, MIT, approved, clearlydefined
npm/npmjs/-/minimatch/3.0.4, ISC, approved, clearlydefined
npm/npmjs/-/minimist-options/3.0.2, MIT, approved, clearlydefined
npm/npmjs/-/minimist/0.1.0, MIT, approved, clearlydefined
npm/npmjs/-/minimist/1.2.5, MIT, approved, clearlydefined
npm/npmjs/-/minipass/2.9.0, ISC, approved, clearlydefined
npm/npmjs/-/minipass/3.1.3, ISC, approved, clearlydefined
npm/npmjs/-/minizlib/1.3.3, MIT, approved, clearlydefined
npm/npmjs/-/minizlib/2.1.2, MIT, approved, clearlydefined
npm/npmjs/-/mississippi/3.0.0, BSD-2-Clause, approved, clearlydefined
npm/npmjs/-/mkdirp-classic/0.5.3, MIT, approved, clearlydefined
npm/npmjs/-/mkdirp/0.5.5, MIT, approved, clearlydefined
npm/npmjs/-/mkdirp/1.0.4, MIT, approved, clearlydefined
npm/npmjs/-/mocha/7.2.0, CC-BY-4.0 AND CC-BY-SA-3.0 AND CC0-1.0 AND MIT, approved, #935
npm/npmjs/-/modify-values/1.0.1, MIT, approved, clearlydefined
npm/npmjs/-/moment/2.24.0, MIT, restricted, clearlydefined
npm/npmjs/-/moment/2.29.1, MIT, approved, clearlydefined
npm/npmjs/-/mount-point/3.0.0, MIT, approved, clearlydefined
npm/npmjs/-/move-concurrently/1.0.1, ISC, approved, clearlydefined
npm/npmjs/-/move-file/1.2.0, MIT, approved, clearlydefined
npm/npmjs/-/ms/2.0.0, MIT, approved, clearlydefined
npm/npmjs/-/ms/2.1.1, MIT, approved, clearlydefined
npm/npmjs/-/ms/2.1.2, MIT, approved, clearlydefined
npm/npmjs/-/ms/2.1.3, MIT, approved, clearlydefined
npm/npmjs/-/mute-stream/0.0.7, ISC, approved, clearlydefined
npm/npmjs/-/nan/2.14.2, , approved, CQ22352
npm/npmjs/-/napi-build-utils/1.0.2, MIT, approved, clearlydefined
npm/npmjs/-/native-keymap/2.2.1, BSD-3-Clause AND MIT, approved, #1198
npm/npmjs/-/native-request/1.0.8, MIT, approved, clearlydefined
npm/npmjs/-/negotiator/0.6.2, MIT, approved, clearlydefined
npm/npmjs/-/neo-async/2.6.2, MIT, approved, clearlydefined
npm/npmjs/-/nested-error-stacks/2.1.0, MIT, approved, clearlydefined
npm/npmjs/-/next-tick/1.0.0, MIT, approved, clearlydefined
npm/npmjs/-/node-abi/2.30.0, MIT, approved, clearlydefined
npm/npmjs/-/node-addon-api/3.2.1, MIT, approved, clearlydefined
npm/npmjs/-/node-addon-api/4.0.0, MIT, approved, clearlydefined
npm/npmjs/-/node-environment-flags/1.0.6, Apache-2.0, approved, clearlydefined
npm/npmjs/-/node-fetch/2.6.1, MIT, approved, clearlydefined
npm/npmjs/-/node-gyp/6.1.0, MIT, restricted, clearlydefined
npm/npmjs/-/node-gyp/7.1.2, MIT, approved, clearlydefined
npm/npmjs/-/node-releases/1.1.73, MIT, approved, clearlydefined
npm/npmjs/-/noop-logger/0.1.1, MIT, approved, clearlydefined
npm/npmjs/-/nopt/4.0.3, ISC, approved, clearlydefined
npm/npmjs/-/nopt/5.0.0, ISC, approved, clearlydefined
npm/npmjs/-/normalize-package-data/2.5.0, BSD-2-Clause, approved, clearlydefined
npm/npmjs/-/normalize-path/3.0.0, MIT, approved, clearlydefined
npm/npmjs/-/normalize-range/0.1.2, MIT, approved, clearlydefined
npm/npmjs/-/normalize-url/1.9.1, MIT, approved, clearlydefined
npm/npmjs/-/normalize-url/4.5.1, MIT, approved, clearlydefined
npm/npmjs/-/npm-conf/1.1.3, ISC AND MIT, approved, #934
npm/npmjs/-/npm-run-path/1.0.0, MIT, approved, clearlydefined
npm/npmjs/-/npm-run-path/2.0.2, MIT, approved, clearlydefined
npm/npmjs/-/npm-run-path/4.0.1, MIT, approved, clearlydefined
npm/npmjs/-/npmlog/4.1.2, ISC, approved, #1025
npm/npmjs/-/nsfw/2.1.2, MIT, approved, clearlydefined
npm/npmjs/-/nugget/2.0.1, BSD-3-Clause, restricted, clearlydefined
npm/npmjs/-/num2fraction/1.2.2, MIT, approved, clearlydefined
npm/npmjs/-/number-is-nan/1.0.1, MIT, approved, clearlydefined
npm/npmjs/-/nwsapi/2.2.0, MIT, approved, clearlydefined
npm/npmjs/-/oauth-sign/0.9.0, Apache-2.0, approved, clearlydefined
npm/npmjs/-/object-assign/4.1.1, MIT, approved, clearlydefined
npm/npmjs/-/object-inspect/1.11.0, MIT, approved, clearlydefined
npm/npmjs/-/object-is/1.1.5, MIT, approved, clearlydefined
npm/npmjs/-/object-keys/0.4.0, MIT, approved, clearlydefined
npm/npmjs/-/object-keys/1.1.1, MIT, approved, clearlydefined
npm/npmjs/-/object.assign/4.1.0, MIT, approved, clearlydefined
npm/npmjs/-/object.assign/4.1.2, MIT, approved, clearlydefined
npm/npmjs/-/object.getownpropertydescriptors/2.1.2, MIT, approved, clearlydefined
npm/npmjs/-/on-finished/2.3.0, MIT, approved, clearlydefined
npm/npmjs/-/once/1.4.0, ISC, approved, clearlydefined
npm/npmjs/-/onetime/2.0.1, MIT, approved, clearlydefined
npm/npmjs/-/onetime/5.1.2, MIT, approved, clearlydefined
npm/npmjs/-/onigasm/2.2.5, MIT, approved, clearlydefined
npm/npmjs/-/oniguruma/7.2.3, BSD-2-Clause AND FSFUL AND FSFULLR AND MIT AND X11, approved, #983
npm/npmjs/-/optionator/0.8.3, MIT, approved, clearlydefined
npm/npmjs/-/ora/3.4.0, MIT, approved, clearlydefined
npm/npmjs/-/os-homedir/1.0.2, MIT, approved, clearlydefined
npm/npmjs/-/os-locale/2.1.0, MIT, approved, clearlydefined
npm/npmjs/-/os-tmpdir/1.0.2, MIT, approved, clearlydefined
npm/npmjs/-/osenv/0.1.5, ISC, approved, clearlydefined
npm/npmjs/-/p-cancelable/1.1.0, MIT, approved, clearlydefined
npm/npmjs/-/p-debounce/2.1.0, MIT, approved, clearlydefined
npm/npmjs/-/p-finally/1.0.0, MIT, approved, clearlydefined
npm/npmjs/-/p-limit/1.3.0, MIT, approved, clearlydefined
npm/npmjs/-/p-limit/2.3.0, MIT, approved, clearlydefined
npm/npmjs/-/p-limit/3.1.0, MIT, approved, clearlydefined
npm/npmjs/-/p-locate/2.0.0, MIT, approved, clearlydefined
npm/npmjs/-/p-locate/3.0.0, MIT, approved, clearlydefined
npm/npmjs/-/p-locate/4.1.0, MIT, approved, clearlydefined
npm/npmjs/-/p-map/3.0.0, MIT, approved, clearlydefined
npm/npmjs/-/p-try/1.0.0, MIT, approved, clearlydefined
npm/npmjs/-/p-try/2.2.0, MIT, approved, clearlydefined
npm/npmjs/-/pako/0.2.9, MIT, approved, clearlydefined
npm/npmjs/-/parallel-transform/1.2.0, MIT, approved, clearlydefined
npm/npmjs/-/parse-github-repo-url/1.4.1, MIT, approved, clearlydefined
npm/npmjs/-/parse-json/2.2.0, MIT AND WTFPL, approved, #991
npm/npmjs/-/parse-json/3.0.0, MIT AND WTFPL, approved, #1673
npm/npmjs/-/parse-json/4.0.0, MIT, approved, clearlydefined
npm/npmjs/-/parse5/6.0.1, MIT, approved, clearlydefined
npm/npmjs/-/parseurl/1.3.3, MIT, approved, clearlydefined
npm/npmjs/-/path-dirname/1.0.2, MIT, approved, clearlydefined
npm/npmjs/-/path-exists/2.1.0, MIT, approved, clearlydefined
npm/npmjs/-/path-exists/3.0.0, MIT, approved, clearlydefined
npm/npmjs/-/path-exists/4.0.0, MIT, approved, clearlydefined
npm/npmjs/-/path-is-absolute/1.0.1, MIT, approved, clearlydefined
npm/npmjs/-/path-key/1.0.0, MIT, approved, clearlydefined
npm/npmjs/-/path-key/2.0.1, MIT, approved, clearlydefined
npm/npmjs/-/path-key/3.1.1, MIT, approved, clearlydefined
npm/npmjs/-/path-parse/1.0.7, MIT, approved, clearlydefined
npm/npmjs/-/path-to-regexp/0.1.7, MIT, approved, clearlydefined
npm/npmjs/-/path-type/1.1.0, MIT, approved, clearlydefined
npm/npmjs/-/path-type/2.0.0, MIT, approved, clearlydefined
npm/npmjs/-/path-type/3.0.0, MIT, approved, clearlydefined
npm/npmjs/-/path-type/4.0.0, MIT, approved, clearlydefined
npm/npmjs/-/pathval/1.1.1, MIT, approved, clearlydefined
npm/npmjs/-/pdfkit/0.12.3, MIT, restricted, clearlydefined
npm/npmjs/-/pdfmake/0.2.2, MIT, restricted, clearlydefined
npm/npmjs/-/pend/1.2.0, MIT, approved, clearlydefined
npm/npmjs/-/perfect-scrollbar/1.5.2, MIT, approved, clearlydefined
npm/npmjs/-/performance-now/2.1.0, MIT, approved, clearlydefined
npm/npmjs/-/picomatch/2.3.0, MIT, approved, clearlydefined
npm/npmjs/-/pify/2.3.0, MIT, approved, clearlydefined
npm/npmjs/-/pify/3.0.0, MIT, approved, clearlydefined
npm/npmjs/-/pify/4.0.1, MIT, approved, clearlydefined
npm/npmjs/-/pinkie-promise/2.0.1, MIT, approved, clearlydefined
npm/npmjs/-/pinkie/2.0.4, MIT, approved, clearlydefined
npm/npmjs/-/pkg-dir/4.2.0, MIT, approved, clearlydefined
npm/npmjs/-/pkg-up/3.1.0, MIT, approved, clearlydefined
npm/npmjs/-/png-js/1.0.0, MIT, approved, clearlydefined
npm/npmjs/-/polylabel/1.1.0, ISC, approved, clearlydefined
npm/npmjs/-/popper.js/1.16.1, MIT, approved, CQ22353
npm/npmjs/-/popper.js/1.16.1-lts, MIT, approved, CQ22353
npm/npmjs/-/postcss-calc/5.3.1, MIT, approved, clearlydefined
npm/npmjs/-/postcss-colormin/2.2.2, MIT, approved, clearlydefined
npm/npmjs/-/postcss-convert-values/2.6.1, MIT, approved, clearlydefined
npm/npmjs/-/postcss-discard-comments/2.0.4, MIT, approved, clearlydefined
npm/npmjs/-/postcss-discard-duplicates/2.1.0, MIT, approved, clearlydefined
npm/npmjs/-/postcss-discard-empty/2.1.0, MIT, approved, clearlydefined
npm/npmjs/-/postcss-discard-overridden/0.1.1, MIT, approved, clearlydefined
npm/npmjs/-/postcss-discard-unused/2.2.3, MIT, approved, clearlydefined
npm/npmjs/-/postcss-filter-plugins/2.0.3, MIT, approved, clearlydefined
npm/npmjs/-/postcss-merge-idents/2.1.7, MIT, approved, clearlydefined
npm/npmjs/-/postcss-merge-longhand/2.0.2, MIT, approved, clearlydefined
npm/npmjs/-/postcss-merge-rules/2.1.2, MIT, approved, clearlydefined
npm/npmjs/-/postcss-message-helpers/2.0.0, MIT, approved, clearlydefined
npm/npmjs/-/postcss-minify-font-values/1.0.5, MIT, approved, clearlydefined
npm/npmjs/-/postcss-minify-gradients/1.0.5, MIT, approved, clearlydefined
npm/npmjs/-/postcss-minify-params/1.2.2, MIT, approved, clearlydefined
npm/npmjs/-/postcss-minify-selectors/2.1.1, MIT, approved, clearlydefined
npm/npmjs/-/postcss-modules-extract-imports/1.2.1, ISC, approved, clearlydefined
npm/npmjs/-/postcss-modules-local-by-default/1.2.0, MIT, approved, clearlydefined
npm/npmjs/-/postcss-modules-scope/1.1.0, ISC, approved, clearlydefined
npm/npmjs/-/postcss-modules-values/1.3.0, ISC, approved, clearlydefined
npm/npmjs/-/postcss-normalize-charset/1.1.1, MIT, approved, clearlydefined
npm/npmjs/-/postcss-normalize-url/3.0.8, MIT, approved, clearlydefined
npm/npmjs/-/postcss-ordered-values/2.2.3, MIT, approved, clearlydefined
npm/npmjs/-/postcss-reduce-idents/2.4.0, MIT, approved, clearlydefined
npm/npmjs/-/postcss-reduce-initial/1.0.1, MIT, approved, #1051
npm/npmjs/-/postcss-reduce-transforms/1.0.4, MIT, approved, clearlydefined
npm/npmjs/-/postcss-selector-parser/2.2.3, MIT, approved, clearlydefined
npm/npmjs/-/postcss-svgo/2.1.6, MIT, approved, clearlydefined
npm/npmjs/-/postcss-unique-selectors/2.0.2, MIT, approved, clearlydefined
npm/npmjs/-/postcss-value-parser/3.3.1, MIT, approved, clearlydefined
npm/npmjs/-/postcss-zindex/2.2.0, MIT, approved, clearlydefined
npm/npmjs/-/postcss/5.2.18, MIT, approved, clearlydefined
npm/npmjs/-/postcss/6.0.23, MIT, approved, clearlydefined
npm/npmjs/-/prebuild-install/5.3.6, MIT, approved, clearlydefined
npm/npmjs/-/prebuild-install/6.1.3, MIT, approved, clearlydefined
npm/npmjs/-/prelude-ls/1.1.2, MIT, approved, clearlydefined
npm/npmjs/-/prepend-http/1.0.4, MIT, approved, clearlydefined
npm/npmjs/-/prepend-http/2.0.0, MIT, approved, clearlydefined
npm/npmjs/-/pretty-bytes/1.0.4, MIT, approved, clearlydefined
npm/npmjs/-/printj/1.1.2, Apache-2.0, approved, clearlydefined
npm/npmjs/-/printj/1.2.3, Apache-2.0, approved, clearlydefined
npm/npmjs/-/printj/1.3.0, Apache-2.0, approved, clearlydefined
npm/npmjs/-/private/0.1.8, MIT, approved, clearlydefined
npm/npmjs/-/process-nextick-args/2.0.1, MIT, approved, clearlydefined
npm/npmjs/-/progress-stream/1.2.0, BSD-2-Clause, approved, clearlydefined
npm/npmjs/-/progress/2.0.3, MIT, approved, clearlydefined
npm/npmjs/-/promise-inflight/1.0.1, ISC, approved, clearlydefined
npm/npmjs/-/prop-types/15.7.2, MIT, approved, clearlydefined
npm/npmjs/-/proto-list/1.2.4, ISC, approved, clearlydefined
npm/npmjs/-/proxy-addr/2.0.7, MIT, approved, clearlydefined
npm/npmjs/-/proxy-from-env/1.1.0, MIT, approved, clearlydefined
npm/npmjs/-/prr/1.0.1, MIT, approved, clearlydefined
npm/npmjs/-/pseudomap/1.0.2, ISC, approved, clearlydefined
npm/npmjs/-/psl/1.8.0, MIT, approved, clearlydefined
npm/npmjs/-/pump/1.0.3, MIT, approved, clearlydefined
npm/npmjs/-/pump/2.0.1, MIT, approved, clearlydefined
npm/npmjs/-/pump/3.0.0, MIT, approved, clearlydefined
npm/npmjs/-/pumpify/1.5.1, MIT, approved, clearlydefined
npm/npmjs/-/punycode/2.1.1, MIT, approved, clearlydefined
npm/npmjs/-/puppeteer-to-istanbul/1.4.0, ISC, approved, clearlydefined
npm/npmjs/-/puppeteer/2.1.1, Apache-2.0, approved, clearlydefined
npm/npmjs/-/q/1.5.1, Apache-2.0 AND MIT, approved, #1020
npm/npmjs/-/qs/6.5.2, BSD-3-Clause, approved, clearlydefined
npm/npmjs/-/qs/6.7.0, BSD-3-Clause, approved, clearlydefined
npm/npmjs/-/query-string/4.3.4, MIT, approved, clearlydefined
npm/npmjs/-/queue-microtask/1.2.3, MIT, approved, clearlydefined
npm/npmjs/-/quick-lru/1.1.0, MIT, approved, clearlydefined
npm/npmjs/-/quote-stream/1.0.2, MIT, approved, clearlydefined
npm/npmjs/-/raf/3.4.1, MIT, approved, clearlydefined
npm/npmjs/-/randombytes/2.1.0, MIT, approved, clearlydefined
npm/npmjs/-/range-parser/1.2.1, MIT, approved, clearlydefined
npm/npmjs/-/raw-body/2.4.0, MIT, approved, clearlydefined
npm/npmjs/-/rc/1.2.8, BSD-2-Clause OR (MIT OR Apache-2.0), approved, #1023
npm/npmjs/-/react-dom/16.14.0, MIT, approved, clearlydefined
npm/npmjs/-/react-is/16.10.2, MIT, approved, clearlydefined
npm/npmjs/-/react-is/16.13.1, MIT, approved, clearlydefined
npm/npmjs/-/react-is/17.0.2, MIT, approved, clearlydefined
npm/npmjs/-/react-lifecycles-compat/3.0.4, MIT, approved, clearlydefined
npm/npmjs/-/react-perfect-scrollbar/1.5.8, MIT, approved, clearlydefined
npm/npmjs/-/react-popper/1.3.11, MIT, approved, clearlydefined
npm/npmjs/-/react-resize-detector/6.7.4, MIT, restricted, clearlydefined
npm/npmjs/-/react-smooth/2.0.0, MIT, approved, clearlydefined
npm/npmjs/-/react-transition-group/2.9.0, BSD-3-Clause, approved, CQ22356
npm/npmjs/-/react-transition-group/4.4.2, BSD-3-Clause, approved, CQ22955
npm/npmjs/-/react-virtualized/9.22.3, MIT, approved, clearlydefined
npm/npmjs/-/react/16.14.0, MIT, approved, clearlydefined
npm/npmjs/-/read-cmd-shim/1.0.5, ISC, approved, clearlydefined
npm/npmjs/-/read-pkg-up/1.0.1, MIT, approved, clearlydefined
npm/npmjs/-/read-pkg-up/2.0.0, MIT, approved, clearlydefined
npm/npmjs/-/read-pkg-up/3.0.0, MIT, approved, clearlydefined
npm/npmjs/-/read-pkg/1.1.0, MIT, approved, clearlydefined
npm/npmjs/-/read-pkg/2.0.0, MIT, approved, clearlydefined
npm/npmjs/-/read-pkg/3.0.0, MIT, approved, clearlydefined
npm/npmjs/-/readable-stream/1.0.34, MIT, approved, clearlydefined
npm/npmjs/-/readable-stream/1.1.14, MIT, approved, clearlydefined
npm/npmjs/-/readable-stream/2.3.7, MIT, approved, #945
npm/npmjs/-/readable-stream/3.6.0, MIT, approved, CQ22627
npm/npmjs/-/readdirp/3.2.0, MIT, approved, clearlydefined
npm/npmjs/-/recast/0.11.23, MIT, approved, clearlydefined
npm/npmjs/-/recharts-scale/0.4.5, MIT, approved, clearlydefined
npm/npmjs/-/recharts/2.0.10, MIT, restricted, clearlydefined
npm/npmjs/-/rechoir/0.7.1, MIT, approved, clearlydefined
npm/npmjs/-/reconnecting-websocket/4.4.0, MIT, approved, #940
npm/npmjs/-/redent/1.0.0, MIT, approved, clearlydefined
npm/npmjs/-/redent/2.0.0, MIT, approved, clearlydefined
npm/npmjs/-/reduce-css-calc/1.3.0, MIT, approved, clearlydefined
npm/npmjs/-/reduce-css-calc/2.1.8, MIT, approved, clearlydefined
npm/npmjs/-/reduce-function-call/1.0.3, MIT, approved, clearlydefined
npm/npmjs/-/reflect-metadata/0.1.13, Apache-2.0, approved, clearlydefined
npm/npmjs/-/regenerate-unicode-properties/8.2.0, MIT, approved, clearlydefined
npm/npmjs/-/regenerate/1.4.2, MIT, approved, clearlydefined
npm/npmjs/-/regenerator-runtime/0.11.1, MIT, approved, clearlydefined
npm/npmjs/-/regenerator-runtime/0.13.7, MIT, approved, clearlydefined
npm/npmjs/-/regenerator-transform/0.14.5, MIT, approved, clearlydefined
npm/npmjs/-/regexp.prototype.flags/1.3.1, MIT, approved, clearlydefined
npm/npmjs/-/regexpu-core/4.7.1, MIT, approved, clearlydefined
npm/npmjs/-/regjsgen/0.5.2, MIT, approved, clearlydefined
npm/npmjs/-/regjsparser/0.6.9, BSD-2-Clause, approved, clearlydefined
npm/npmjs/-/regression/2.0.1, MIT, approved, clearlydefined
npm/npmjs/-/repeat-string/1.6.1, MIT, approved, clearlydefined
npm/npmjs/-/repeating/2.0.1, MIT, approved, clearlydefined
npm/npmjs/-/request/2.88.2, Apache-2.0, approved, #997
npm/npmjs/-/require-directory/2.1.1, MIT, approved, clearlydefined
npm/npmjs/-/require-main-filename/1.0.1, ISC, approved, clearlydefined
npm/npmjs/-/require-main-filename/2.0.0, ISC, approved, clearlydefined
npm/npmjs/-/resize-observer-polyfill/1.5.1, MIT, approved, clearlydefined
npm/npmjs/-/resolve-cwd/3.0.0, MIT, approved, clearlydefined
npm/npmjs/-/resolve-from/5.0.0, MIT, approved, clearlydefined
npm/npmjs/-/resolve/1.1.7, MIT, approved, clearlydefined
npm/npmjs/-/resolve/1.20.0, MIT, approved, clearlydefined
npm/npmjs/-/responselike/1.0.2, MIT, approved, clearlydefined
npm/npmjs/-/restore-cursor/2.0.0, MIT, approved, clearlydefined
npm/npmjs/-/restructure/0.5.4, MIT, approved, clearlydefined
npm/npmjs/-/resumer/0.0.0, MIT, approved, clearlydefined
npm/npmjs/-/reusify/1.0.4, MIT, approved, clearlydefined
npm/npmjs/-/rgbcolor/1.0.1, MIT OR OTHER, approved, clearlydefined
npm/npmjs/-/right-align/0.1.3, MIT, approved, clearlydefined
npm/npmjs/-/rimraf/2.6.3, ISC, approved, clearlydefined
npm/npmjs/-/rimraf/2.7.1, ISC, approved, clearlydefined
npm/npmjs/-/rimraf/3.0.2, ISC, approved, clearlydefined
npm/npmjs/-/roarr/2.15.4, BSD-3-Clause, approved, clearlydefined
npm/npmjs/-/rollup/0.25.8, MIT, restricted, clearlydefined
npm/npmjs/-/route-parser/0.0.5, MIT, approved, clearlydefined
npm/npmjs/-/run-async/2.4.1, MIT, approved, clearlydefined
npm/npmjs/-/run-parallel/1.2.0, MIT, approved, clearlydefined
npm/npmjs/-/run-queue/1.0.3, ISC, approved, clearlydefined
npm/npmjs/-/rw/1.3.3, BSD-3-Clause, approved, clearlydefined
npm/npmjs/-/rx-lite-aggregates/4.0.8, Apache-2.0, approved, clearlydefined
npm/npmjs/-/rx-lite/4.0.8, Apache-2.0, approved, clearlydefined
npm/npmjs/-/rxjs/6.6.7, Apache-2.0 AND MIT, approved, #941
npm/npmjs/-/safe-buffer/5.1.2, MIT, approved, clearlydefined
npm/npmjs/-/safe-buffer/5.2.1, MIT, approved, clearlydefined
npm/npmjs/-/safer-buffer/2.1.2, MIT, approved, clearlydefined
npm/npmjs/-/sax/1.2.4, ISC, approved, clearlydefined
npm/npmjs/-/saxes/5.0.1, ISC, approved, clearlydefined
npm/npmjs/-/scheduler/0.19.1, MIT, approved, clearlydefined
npm/npmjs/-/schema-utils/1.0.0, MIT, approved, clearlydefined
npm/npmjs/-/schema-utils/2.7.1, MIT, approved, clearlydefined
npm/npmjs/-/schema-utils/3.1.1, MIT, approved, clearlydefined
npm/npmjs/-/scope-analyzer/2.1.1, Apache-2.0, approved, clearlydefined
npm/npmjs/-/seek-bzip/1.0.6, MIT, approved, #1344
npm/npmjs/-/semver-compare/1.0.0, MIT, approved, clearlydefined
npm/npmjs/-/semver/5.7.1, ISC, approved, clearlydefined
npm/npmjs/-/semver/6.3.0, ISC, approved, clearlydefined
npm/npmjs/-/semver/7.0.0, ISC, approved, clearlydefined
npm/npmjs/-/semver/7.3.5, ISC, approved, clearlydefined
npm/npmjs/-/send/0.17.1, MIT, approved, clearlydefined
npm/npmjs/-/serialize-error/7.0.1, MIT, approved, clearlydefined
npm/npmjs/-/serialize-javascript/1.9.1, BSD-3-Clause, approved, clearlydefined
npm/npmjs/-/serialize-javascript/5.0.1, BSD-3-Clause, approved, clearlydefined
npm/npmjs/-/serialize-javascript/6.0.0, BSD-3-Clause, approved, clearlydefined
npm/npmjs/-/serve-static/1.14.1, MIT, approved, clearlydefined
npm/npmjs/-/set-blocking/2.0.0, ISC, approved, clearlydefined
npm/npmjs/-/setimmediate/1.0.5, MIT, approved, clearlydefined
npm/npmjs/-/setprototypeof/1.1.1, ISC, approved, clearlydefined
npm/npmjs/-/shallow-clone/3.0.1, MIT, approved, clearlydefined
npm/npmjs/-/shallow-copy/0.0.1, MIT, approved, clearlydefined
npm/npmjs/-/shebang-command/1.2.0, MIT, approved, clearlydefined
npm/npmjs/-/shebang-command/2.0.0, MIT, approved, clearlydefined
npm/npmjs/-/shebang-regex/1.0.0, MIT, approved, clearlydefined
npm/npmjs/-/shebang-regex/3.0.0, MIT, approved, clearlydefined
npm/npmjs/-/shell-env/0.3.0, MIT, approved, clearlydefined
npm/npmjs/-/shell-path/2.1.0, MIT, approved, clearlydefined
npm/npmjs/-/signal-exit/3.0.3, ISC, approved, clearlydefined
npm/npmjs/-/simple-concat/1.0.1, MIT, approved, clearlydefined
npm/npmjs/-/simple-get/3.1.0, MIT, approved, clearlydefined
npm/npmjs/-/single-line-log/1.1.2, MIT, approved, clearlydefined
npm/npmjs/-/slash/1.0.0, MIT, approved, clearlydefined
npm/npmjs/-/slash/3.0.0, MIT, approved, clearlydefined
npm/npmjs/-/sort-keys/1.1.2, MIT, approved, clearlydefined
npm/npmjs/-/sort-keys/2.0.0, MIT, approved, clearlydefined
npm/npmjs/-/source-list-map/0.1.8, MIT, approved, #506
npm/npmjs/-/source-list-map/2.0.1, BSD-3-Clause AND MIT, approved, #978
npm/npmjs/-/source-map-js/0.6.2, BSD-3-Clause, approved, clearlydefined
npm/npmjs/-/source-map-loader/2.0.2, MIT, approved, clearlydefined
npm/npmjs/-/source-map-support/0.3.3, MIT, approved, clearlydefined
npm/npmjs/-/source-map-support/0.5.19, MIT, approved, clearlydefined
npm/npmjs/-/source-map/0.1.32, BSD-3-Clause, approved, clearlydefined
npm/npmjs/-/source-map/0.1.43, BSD-3-Clause, approved, clearlydefined
npm/npmjs/-/source-map/0.5.7, BSD-3-Clause, approved, clearlydefined
npm/npmjs/-/source-map/0.6.1, BSD-3-Clause, approved, clearlydefined
npm/npmjs/-/source-map/0.7.3, BSD-3-Clause, approved, clearlydefined
npm/npmjs/-/sourcemap-codec/1.4.8, MIT, approved, clearlydefined
npm/npmjs/-/spawn-rx/3.0.0, MIT, approved, clearlydefined
npm/npmjs/-/spdx-correct/3.1.1, Apache-2.0, approved, #990
npm/npmjs/-/spdx-exceptions/2.3.0, CC-BY-3.0, approved, clearlydefined
npm/npmjs/-/spdx-expression-parse/3.0.1, MIT, approved, #1127
npm/npmjs/-/spdx-license-ids/3.0.9, CC0-1.0, approved, #989
npm/npmjs/-/speedometer/0.1.4, MIT, approved, clearlydefined
npm/npmjs/-/split/1.0.1, MIT, approved, clearlydefined
npm/npmjs/-/split2/2.2.0, ISC, approved, clearlydefined
npm/npmjs/-/sprintf-js/1.0.3, BSD-3-Clause, approved, #949
npm/npmjs/-/sprintf-js/1.1.2, BSD-3-Clause, approved, clearlydefined
npm/npmjs/-/ssf/0.11.2, Apache-2.0, approved, clearlydefined
npm/npmjs/-/sshpk/1.16.1, MIT, approved, clearlydefined
npm/npmjs/-/ssri/6.0.2, ISC, approved, CQ22632
npm/npmjs/-/stackblur-canvas/2.5.0, MIT, approved, clearlydefined
npm/npmjs/-/static-eval/2.1.0, MIT, approved, clearlydefined
npm/npmjs/-/static-module/3.0.4, MIT, approved, clearlydefined
npm/npmjs/-/statuses/1.5.0, MIT, approved, clearlydefined
npm/npmjs/-/stream-each/1.2.3, MIT, approved, clearlydefined
npm/npmjs/-/stream-shift/1.0.1, MIT, approved, clearlydefined
npm/npmjs/-/strict-uri-encode/1.1.0, MIT, approved, clearlydefined
npm/npmjs/-/string-argv/0.1.2, MIT, approved, clearlydefined
npm/npmjs/-/string-width/1.0.2, MIT, approved, clearlydefined
npm/npmjs/-/string-width/2.1.1, MIT, approved, clearlydefined
npm/npmjs/-/string-width/3.1.0, MIT, approved, clearlydefined
npm/npmjs/-/string-width/4.2.2, MIT, approved, clearlydefined
npm/npmjs/-/string.prototype.trim/1.2.4, MIT, approved, clearlydefined
npm/npmjs/-/string.prototype.trimend/1.0.4, MIT, approved, clearlydefined
npm/npmjs/-/string.prototype.trimstart/1.0.4, MIT, approved, clearlydefined
npm/npmjs/-/string_decoder/0.10.31, MIT, approved, clearlydefined
npm/npmjs/-/string_decoder/1.1.1, MIT, approved, clearlydefined
npm/npmjs/-/string_decoder/1.3.0, MIT, approved, clearlydefined
npm/npmjs/-/strip-ansi/3.0.1, MIT, approved, clearlydefined
npm/npmjs/-/strip-ansi/4.0.0, MIT, approved, clearlydefined
npm/npmjs/-/strip-ansi/5.2.0, MIT, approved, clearlydefined
npm/npmjs/-/strip-ansi/6.0.0, MIT, approved, clearlydefined
npm/npmjs/-/strip-bom/2.0.0, MIT, approved, clearlydefined
npm/npmjs/-/strip-bom/3.0.0, MIT, approved, clearlydefined
npm/npmjs/-/strip-dirs/2.1.0, MIT, approved, clearlydefined
npm/npmjs/-/strip-eof/1.0.0, MIT, approved, clearlydefined
npm/npmjs/-/strip-final-newline/2.0.0, MIT, approved, clearlydefined
npm/npmjs/-/strip-indent/1.0.1, MIT, approved, clearlydefined
npm/npmjs/-/strip-indent/2.0.0, MIT, approved, clearlydefined
npm/npmjs/-/strip-json-comments/2.0.1, MIT, approved, clearlydefined
npm/npmjs/-/strong-log-transformer/1.0.6, Artistic-2.0, approved, #946
npm/npmjs/-/style-loader/0.13.2, MIT, approved, #1211
npm/npmjs/-/style-loader/2.0.0, MIT, approved, clearlydefined
npm/npmjs/-/sumchecker/2.0.2, Apache-2.0, approved, clearlydefined
npm/npmjs/-/sumchecker/3.0.1, Apache-2.0, approved, clearlydefined
npm/npmjs/-/supports-color/2.0.0, MIT, approved, clearlydefined
npm/npmjs/-/supports-color/3.2.3, MIT, approved, clearlydefined
npm/npmjs/-/supports-color/5.5.0, MIT, approved, clearlydefined
npm/npmjs/-/supports-color/6.0.0, MIT, approved, clearlydefined
npm/npmjs/-/supports-color/8.1.1, MIT, approved, clearlydefined
npm/npmjs/-/svg-to-pdfkit/0.1.8, MIT, restricted, clearlydefined
npm/npmjs/-/svgo/0.7.2, Apache-2.0 AND MIT, approved, #948
npm/npmjs/-/symbol-tree/3.2.4, MIT, approved, clearlydefined
npm/npmjs/-/tapable/2.2.0, MIT, approved, clearlydefined
npm/npmjs/-/tape/4.14.0, MIT, approved, clearlydefined
npm/npmjs/-/tar-fs/1.16.3, MIT, approved, clearlydefined
npm/npmjs/-/tar-fs/2.1.1, MIT, approved, clearlydefined
npm/npmjs/-/tar-stream/1.6.2, MIT, approved, clearlydefined
npm/npmjs/-/tar-stream/2.2.0, MIT, approved, clearlydefined
npm/npmjs/-/tar/4.4.13, ISC, approved, clearlydefined
npm/npmjs/-/tar/6.1.0, ISC, approved, clearlydefined
npm/npmjs/-/temp-dir/1.0.0, MIT, approved, clearlydefined
npm/npmjs/-/temp-write/3.4.0, MIT, approved, clearlydefined
npm/npmjs/-/temp/0.9.4, MIT, approved, clearlydefined
npm/npmjs/-/tempfile/1.1.1, MIT, approved, clearlydefined
npm/npmjs/-/terser-webpack-plugin/5.1.4, MIT, approved, clearlydefined
npm/npmjs/-/terser/5.7.1, BSD-2-Clause, approved, clearlydefined
npm/npmjs/-/text-extensions/1.9.0, MIT, approved, clearlydefined
npm/npmjs/-/throttleit/0.0.2, MIT, approved, clearlydefined
npm/npmjs/-/through/2.3.8, Apache-2.0 AND MIT, approved, #1036
npm/npmjs/-/through2/0.2.3, MIT, restricted, clearlydefined
npm/npmjs/-/through2/2.0.5, MIT, approved, clearlydefined
npm/npmjs/-/tiny-inflate/1.0.3, MIT, approved, clearlydefined
npm/npmjs/-/tiny-warning/1.0.3, MIT, approved, clearlydefined
npm/npmjs/-/tinyqueue/2.0.3, ISC, approved, clearlydefined
npm/npmjs/-/tmp/0.0.33, MIT, approved, clearlydefined
npm/npmjs/-/to-buffer/1.1.1, MIT, approved, clearlydefined
npm/npmjs/-/to-fast-properties/2.0.0, MIT, approved, clearlydefined
npm/npmjs/-/to-readable-stream/1.0.0, MIT, approved, clearlydefined
npm/npmjs/-/to-regex-range/5.0.1, MIT, approved, clearlydefined
npm/npmjs/-/toidentifier/1.0.0, MIT, approved, clearlydefined
npm/npmjs/-/tough-cookie/2.5.0, BSD-3-Clause, approved, clearlydefined
npm/npmjs/-/tough-cookie/4.0.0, BSD-3-Clause, approved, clearlydefined
npm/npmjs/-/tr46/2.1.0, MIT, approved, clearlydefined
npm/npmjs/-/trash/6.1.1, MIT, approved, clearlydefined
npm/npmjs/-/traverse/0.3.9, MIT, approved, clearlydefined
npm/npmjs/-/trim-newlines/1.0.0, MIT, approved, clearlydefined
npm/npmjs/-/trim-newlines/2.0.0, MIT, approved, clearlydefined
npm/npmjs/-/trim-off-newlines/1.0.1, MIT, approved, clearlydefined
npm/npmjs/-/ts-md5/1.2.9, MIT AND WTFPL, approved, #992
npm/npmjs/-/tslib/1.14.1, 0BSD, approved, clearlydefined
npm/npmjs/-/tslib/2.3.1, 0BSD, approved, clearlydefined
npm/npmjs/-/tunnel-agent/0.6.0, Apache-2.0, approved, clearlydefined
npm/npmjs/-/tunnel/0.0.6, MIT, approved, clearlydefined
npm/npmjs/-/tweetnacl/0.14.5, Unlicense, approved, #1035
npm/npmjs/-/type-check/0.3.2, MIT, approved, clearlydefined
npm/npmjs/-/type-detect/4.0.8, MIT, approved, clearlydefined
npm/npmjs/-/type-fest/0.13.1, MIT OR (CC0-1.0 AND MIT), approved, clearlydefined
npm/npmjs/-/type-fest/0.7.1, MIT OR (CC0-1.0 AND MIT), approved, clearlydefined
npm/npmjs/-/type-is/1.6.18, MIT, approved, clearlydefined
npm/npmjs/-/type/1.2.0, ISC, approved, clearlydefined
npm/npmjs/-/type/2.5.0, ISC, approved, clearlydefined
npm/npmjs/-/typed-styles/0.0.7, MIT, approved, clearlydefined
npm/npmjs/-/typedarray-to-buffer/3.1.5, MIT, approved, clearlydefined
npm/npmjs/-/typedarray/0.0.6, MIT, approved, clearlydefined
npm/npmjs/-/typescript/4.3.5, Apache-2.0, restricted, clearlydefined
npm/npmjs/-/uc.micro/1.0.6, MIT, approved, #1022
npm/npmjs/-/uglify-js/2.8.29, BSD-2-Clause, approved, clearlydefined
npm/npmjs/-/uglify-js/3.13.10, BSD-2-Clause, approved, clearlydefined
npm/npmjs/-/uglify-to-browserify/1.0.2, MIT, approved, clearlydefined
npm/npmjs/-/umd-compat-loader/2.1.2, Apache-2.0, approved, clearlydefined
npm/npmjs/-/unbox-primitive/1.0.1, MIT, approved, clearlydefined
npm/npmjs/-/unbzip2-stream/1.4.3, MIT, approved, clearlydefined
npm/npmjs/-/unicode-canonical-property-names-ecmascript/1.0.4, MIT, approved, clearlydefined
npm/npmjs/-/unicode-match-property-ecmascript/1.0.4, MIT, approved, clearlydefined
npm/npmjs/-/unicode-match-property-value-ecmascript/1.2.0, MIT, approved, clearlydefined
npm/npmjs/-/unicode-properties/1.3.1, MIT, approved, clearlydefined
npm/npmjs/-/unicode-property-aliases-ecmascript/1.1.0, MIT, approved, clearlydefined
npm/npmjs/-/unicode-trie/0.3.1, MIT, approved, clearlydefined
npm/npmjs/-/unicode-trie/1.0.0, MIT, approved, clearlydefined
npm/npmjs/-/unicode-trie/2.0.0, MIT, approved, clearlydefined
npm/npmjs/-/uniq/1.0.1, MIT, approved, clearlydefined
npm/npmjs/-/uniqs/2.0.0, MIT, approved, clearlydefined
npm/npmjs/-/unique-filename/1.1.1, ISC, approved, clearlydefined
npm/npmjs/-/unique-slug/2.0.2, ISC, approved, clearlydefined
npm/npmjs/-/universalify/0.1.2, MIT, approved, clearlydefined
npm/npmjs/-/unpipe/1.0.0, MIT, approved, clearlydefined
npm/npmjs/-/unzipper/0.9.15, MIT, approved, clearlydefined
npm/npmjs/-/uri-js/4.4.1, BSD-2-Clause, approved, #1086
npm/npmjs/-/url-parse-lax/3.0.0, MIT, approved, clearlydefined
npm/npmjs/-/user-home/2.0.0, MIT, approved, clearlydefined
npm/npmjs/-/util-deprecate/1.0.2, MIT, approved, clearlydefined
npm/npmjs/-/utils-merge/1.0.1, MIT, approved, clearlydefined
npm/npmjs/-/uuid/2.0.3, MIT, approved, clearlydefined
npm/npmjs/-/uuid/3.4.0, MIT, approved, clearlydefined
npm/npmjs/-/uuid/8.3.2, MIT, approved, clearlydefined
npm/npmjs/-/v8-compile-cache/2.3.0, MIT, approved, clearlydefined
npm/npmjs/-/v8-to-istanbul/1.2.1, ISC, approved, clearlydefined
npm/npmjs/-/valid-filename/2.0.1, MIT, approved, clearlydefined
npm/npmjs/-/validate-npm-package-license/3.0.4, Apache-2.0, approved, clearlydefined
npm/npmjs/-/vary/1.1.2, MIT, approved, clearlydefined
npm/npmjs/-/vendors/1.0.4, MIT, approved, clearlydefined
npm/npmjs/-/venn.js/0.2.20, MIT, approved, clearlydefined
npm/npmjs/-/verror/1.10.0, MIT, approved, clearlydefined
npm/npmjs/-/vscode-jsonrpc/5.0.1, MIT, approved, clearlydefined
npm/npmjs/-/vscode-languageserver-protocol/3.15.3, MIT, approved, clearlydefined
npm/npmjs/-/vscode-languageserver-textdocument/1.0.1, MIT, approved, clearlydefined
npm/npmjs/-/vscode-languageserver-types/3.15.1, MIT, approved, clearlydefined
npm/npmjs/-/vscode-languageserver-types/3.16.0, MIT, approved, clearlydefined
npm/npmjs/-/vscode-textmate/4.4.0, MIT, approved, clearlydefined
npm/npmjs/-/vscode-uri/2.1.2, MIT, approved, clearlydefined
npm/npmjs/-/vscode-ws-jsonrpc/0.2.0, MIT, approved, clearlydefined
npm/npmjs/-/w3c-hr-time/1.0.2, MIT, approved, clearlydefined
npm/npmjs/-/w3c-xmlserializer/2.0.0, MIT, approved, clearlydefined
npm/npmjs/-/warning/4.0.3, MIT, approved, CQ22359
npm/npmjs/-/watchpack/2.2.0, MIT, approved, clearlydefined
npm/npmjs/-/wcwidth/1.0.1, MIT, approved, #944
npm/npmjs/-/webidl-conversions/5.0.0, BSD-2-Clause, approved, clearlydefined
npm/npmjs/-/webidl-conversions/6.1.0, BSD-2-Clause, approved, clearlydefined
npm/npmjs/-/webpack-cli/4.7.0, MIT, approved, clearlydefined
npm/npmjs/-/webpack-merge/5.8.0, MIT, approved, clearlydefined
npm/npmjs/-/webpack-sources/1.4.3, MIT, approved, clearlydefined
npm/npmjs/-/webpack-sources/2.3.1, MIT, approved, clearlydefined
npm/npmjs/-/webpack/5.46.0, MIT, approved, clearlydefined
npm/npmjs/-/whatwg-encoding/1.0.5, MIT, approved, clearlydefined
npm/npmjs/-/whatwg-mimetype/2.3.0, MIT, approved, clearlydefined
npm/npmjs/-/whatwg-url/8.7.0, MIT, approved, clearlydefined
npm/npmjs/-/whet.extend/0.9.9, MIT, approved, clearlydefined
npm/npmjs/-/which-boxed-primitive/1.0.2, MIT, approved, clearlydefined
npm/npmjs/-/which-module/2.0.0, ISC, approved, clearlydefined
npm/npmjs/-/which-pm-runs/1.0.0, MIT, approved, clearlydefined
npm/npmjs/-/which/1.3.1, ISC, approved, clearlydefined
npm/npmjs/-/which/2.0.2, ISC, approved, clearlydefined
npm/npmjs/-/wide-align/1.1.3, ISC, approved, clearlydefined
npm/npmjs/-/wildcard/2.0.0, MIT, approved, clearlydefined
npm/npmjs/-/window-size/0.1.0, MIT, approved, clearlydefined
npm/npmjs/-/wmf/1.0.2, Apache-2.0, restricted, clearlydefined
npm/npmjs/-/word-wrap/1.2.3, MIT, approved, clearlydefined
npm/npmjs/-/word/0.4.0, Apache-2.0, approved, clearlydefined
npm/npmjs/-/wordwrap/0.0.2, MIT, approved, clearlydefined
npm/npmjs/-/wordwrap/1.0.0, MIT, approved, clearlydefined
npm/npmjs/-/worker-loader/3.0.8, MIT, approved, clearlydefined
npm/npmjs/-/wrap-ansi/2.1.0, MIT, approved, clearlydefined
npm/npmjs/-/wrap-ansi/5.1.0, MIT, approved, clearlydefined
npm/npmjs/-/wrap-ansi/6.2.0, MIT, approved, clearlydefined
npm/npmjs/-/wrappy/1.0.2, ISC, approved, clearlydefined
npm/npmjs/-/write-file-atomic/2.4.3, ISC, approved, clearlydefined
npm/npmjs/-/write-file-atomic/3.0.3, ISC, approved, clearlydefined
npm/npmjs/-/write-json-file/2.3.0, MIT, approved, clearlydefined
npm/npmjs/-/write-pkg/3.2.0, MIT, approved, clearlydefined
npm/npmjs/-/ws/6.2.2, MIT, approved, clearlydefined
npm/npmjs/-/ws/7.5.3, MIT, approved, clearlydefined
npm/npmjs/-/ws/7.5.5, MIT, approved, clearlydefined
npm/npmjs/-/xdg-basedir/2.0.0, MIT, approved, clearlydefined
npm/npmjs/-/xdg-trashdir/2.1.1, MIT, approved, clearlydefined
npm/npmjs/-/xlsx/0.17.2, Apache-2.0, restricted, clearlydefined
npm/npmjs/-/xml-name-validator/3.0.0, Apache-2.0, approved, clearlydefined
npm/npmjs/-/xmlchars/2.2.0, MIT, approved, clearlydefined
npm/npmjs/-/xmldoc/1.1.2, MIT, approved, clearlydefined
npm/npmjs/-/xtend/2.1.2, MIT, approved, #269
npm/npmjs/-/xtend/4.0.2, MIT, approved, clearlydefined
npm/npmjs/-/xterm-addon-fit/0.5.0, MIT, approved, clearlydefined
npm/npmjs/-/xterm-addon-search/0.8.0, MIT, approved, clearlydefined
npm/npmjs/-/xterm/4.11.0, MIT, approved, clearlydefined
npm/npmjs/-/y18n/3.2.2, ISC, approved, clearlydefined
npm/npmjs/-/y18n/4.0.3, ISC, approved, clearlydefined
npm/npmjs/-/yallist/2.1.2, ISC, approved, clearlydefined
npm/npmjs/-/yallist/3.1.1, ISC, approved, clearlydefined
npm/npmjs/-/yallist/4.0.0, ISC, approved, clearlydefined
npm/npmjs/-/yargs-parser/13.1.2, ISC, approved, clearlydefined
npm/npmjs/-/yargs-parser/15.0.3, ISC, approved, clearlydefined
npm/npmjs/-/yargs-parser/18.1.3, ISC, approved, clearlydefined
npm/npmjs/-/yargs-parser/7.0.0, ISC, approved, clearlydefined
npm/npmjs/-/yargs-unparser/1.6.0, MIT, approved, clearlydefined
npm/npmjs/-/yargs/13.3.2, MIT, approved, clearlydefined
npm/npmjs/-/yargs/14.2.3, MIT, approved, clearlydefined
npm/npmjs/-/yargs/15.4.1, MIT, approved, clearlydefined
npm/npmjs/-/yargs/3.10.0, MIT, approved, #673
npm/npmjs/-/yargs/8.0.2, MIT, approved, clearlydefined
npm/npmjs/-/yauzl/2.10.0, MIT, approved, clearlydefined
npm/npmjs/-/yocto-queue/0.1.0, MIT, approved, clearlydefined
npm/npmjs/@amcharts/amcharts4/4.10.22, NOASSERTION, restricted, clearlydefined
npm/npmjs/@babel/code-frame/7.14.5, MIT, approved, clearlydefined
npm/npmjs/@babel/compat-data/7.14.7, MIT, approved, clearlydefined
npm/npmjs/@babel/core/7.14.8, MIT, approved, clearlydefined
npm/npmjs/@babel/generator/7.14.8, MIT, approved, clearlydefined
npm/npmjs/@babel/helper-annotate-as-pure/7.14.5, MIT, approved, clearlydefined
npm/npmjs/@babel/helper-builder-binary-assignment-operator-visitor/7.14.5, MIT, approved, clearlydefined
npm/npmjs/@babel/helper-compilation-targets/7.14.5, MIT, approved, clearlydefined
npm/npmjs/@babel/helper-create-class-features-plugin/7.14.8, MIT, approved, clearlydefined
npm/npmjs/@babel/helper-create-regexp-features-plugin/7.14.5, MIT, approved, clearlydefined
npm/npmjs/@babel/helper-define-polyfill-provider/0.2.3, MIT, approved, clearlydefined
npm/npmjs/@babel/helper-explode-assignable-expression/7.14.5, MIT, approved, clearlydefined
npm/npmjs/@babel/helper-function-name/7.14.5, MIT, approved, clearlydefined
npm/npmjs/@babel/helper-get-function-arity/7.14.5, MIT, approved, clearlydefined
npm/npmjs/@babel/helper-hoist-variables/7.14.5, MIT, approved, clearlydefined
npm/npmjs/@babel/helper-member-expression-to-functions/7.14.7, MIT, approved, clearlydefined
npm/npmjs/@babel/helper-module-imports/7.14.5, MIT, approved, clearlydefined
npm/npmjs/@babel/helper-module-transforms/7.14.8, MIT, approved, clearlydefined
npm/npmjs/@babel/helper-optimise-call-expression/7.14.5, MIT, approved, clearlydefined
npm/npmjs/@babel/helper-plugin-utils/7.14.5, MIT, approved, clearlydefined
npm/npmjs/@babel/helper-remap-async-to-generator/7.14.5, MIT, approved, clearlydefined
npm/npmjs/@babel/helper-replace-supers/7.14.5, MIT, approved, clearlydefined
npm/npmjs/@babel/helper-simple-access/7.14.8, MIT, approved, clearlydefined
npm/npmjs/@babel/helper-skip-transparent-expression-wrappers/7.14.5, MIT, approved, clearlydefined
npm/npmjs/@babel/helper-split-export-declaration/7.14.5, MIT, approved, clearlydefined
npm/npmjs/@babel/helper-validator-identifier/7.14.8, MIT, approved, clearlydefined
npm/npmjs/@babel/helper-validator-option/7.14.5, MIT, approved, clearlydefined
npm/npmjs/@babel/helper-wrap-function/7.14.5, MIT, approved, clearlydefined
npm/npmjs/@babel/helpers/7.14.8, MIT, approved, clearlydefined
npm/npmjs/@babel/highlight/7.14.5, MIT, approved, clearlydefined
npm/npmjs/@babel/parser/7.14.8, 0BSD AND BSD-2-Clause AND BSD-3-Clause AND MIT, approved, #898
npm/npmjs/@babel/plugin-bugfix-v8-spread-parameters-in-optional-chaining/7.14.5, MIT, approved, clearlydefined
npm/npmjs/@babel/plugin-proposal-async-generator-functions/7.14.7, MIT, approved, clearlydefined
npm/npmjs/@babel/plugin-proposal-class-properties/7.14.5, MIT, approved, clearlydefined
npm/npmjs/@babel/plugin-proposal-class-static-block/7.14.5, MIT, approved, clearlydefined
npm/npmjs/@babel/plugin-proposal-dynamic-import/7.14.5, MIT, approved, clearlydefined
npm/npmjs/@babel/plugin-proposal-export-namespace-from/7.14.5, MIT, approved, clearlydefined
npm/npmjs/@babel/plugin-proposal-json-strings/7.14.5, MIT, approved, clearlydefined
npm/npmjs/@babel/plugin-proposal-logical-assignment-operators/7.14.5, MIT, approved, clearlydefined
npm/npmjs/@babel/plugin-proposal-nullish-coalescing-operator/7.14.5, MIT, approved, clearlydefined
npm/npmjs/@babel/plugin-proposal-numeric-separator/7.14.5, MIT, approved, clearlydefined
npm/npmjs/@babel/plugin-proposal-object-rest-spread/7.14.7, MIT, approved, clearlydefined
npm/npmjs/@babel/plugin-proposal-optional-catch-binding/7.14.5, MIT, approved, clearlydefined
npm/npmjs/@babel/plugin-proposal-optional-chaining/7.14.5, MIT, approved, clearlydefined
npm/npmjs/@babel/plugin-proposal-private-methods/7.14.5, MIT, approved, clearlydefined
npm/npmjs/@babel/plugin-proposal-private-property-in-object/7.14.5, MIT, approved, clearlydefined
npm/npmjs/@babel/plugin-proposal-unicode-property-regex/7.14.5, MIT, approved, clearlydefined
npm/npmjs/@babel/plugin-syntax-async-generators/7.8.4, MIT, approved, clearlydefined
npm/npmjs/@babel/plugin-syntax-class-properties/7.12.13, MIT, approved, clearlydefined
npm/npmjs/@babel/plugin-syntax-class-static-block/7.14.5, MIT, approved, clearlydefined
npm/npmjs/@babel/plugin-syntax-dynamic-import/7.8.3, MIT, approved, clearlydefined
npm/npmjs/@babel/plugin-syntax-export-namespace-from/7.8.3, MIT, approved, clearlydefined
npm/npmjs/@babel/plugin-syntax-json-strings/7.8.3, MIT, approved, clearlydefined
npm/npmjs/@babel/plugin-syntax-logical-assignment-operators/7.10.4, MIT, approved, clearlydefined
npm/npmjs/@babel/plugin-syntax-nullish-coalescing-operator/7.8.3, MIT, approved, clearlydefined
npm/npmjs/@babel/plugin-syntax-numeric-separator/7.10.4, MIT, approved, clearlydefined
npm/npmjs/@babel/plugin-syntax-object-rest-spread/7.8.3, MIT, approved, clearlydefined
npm/npmjs/@babel/plugin-syntax-optional-catch-binding/7.8.3, MIT, approved, clearlydefined
npm/npmjs/@babel/plugin-syntax-optional-chaining/7.8.3, MIT, approved, clearlydefined
npm/npmjs/@babel/plugin-syntax-private-property-in-object/7.14.5, MIT, approved, clearlydefined
npm/npmjs/@babel/plugin-syntax-top-level-await/7.14.5, MIT, approved, clearlydefined
npm/npmjs/@babel/plugin-transform-arrow-functions/7.14.5, MIT, approved, clearlydefined
npm/npmjs/@babel/plugin-transform-async-to-generator/7.14.5, MIT, approved, clearlydefined
npm/npmjs/@babel/plugin-transform-block-scoped-functions/7.14.5, MIT, approved, clearlydefined
npm/npmjs/@babel/plugin-transform-block-scoping/7.14.5, MIT, approved, clearlydefined
npm/npmjs/@babel/plugin-transform-classes/7.14.5, MIT, approved, clearlydefined
npm/npmjs/@babel/plugin-transform-computed-properties/7.14.5, MIT, approved, clearlydefined
npm/npmjs/@babel/plugin-transform-destructuring/7.14.7, MIT, approved, clearlydefined
npm/npmjs/@babel/plugin-transform-dotall-regex/7.14.5, MIT, approved, clearlydefined
npm/npmjs/@babel/plugin-transform-duplicate-keys/7.14.5, MIT, approved, clearlydefined
npm/npmjs/@babel/plugin-transform-exponentiation-operator/7.14.5, MIT, approved, clearlydefined
npm/npmjs/@babel/plugin-transform-for-of/7.14.5, MIT, approved, clearlydefined
npm/npmjs/@babel/plugin-transform-function-name/7.14.5, MIT, approved, clearlydefined
npm/npmjs/@babel/plugin-transform-literals/7.14.5, MIT, approved, clearlydefined
npm/npmjs/@babel/plugin-transform-member-expression-literals/7.14.5, MIT, approved, clearlydefined
npm/npmjs/@babel/plugin-transform-modules-amd/7.14.5, MIT, approved, clearlydefined
npm/npmjs/@babel/plugin-transform-modules-commonjs/7.14.5, MIT, approved, clearlydefined
npm/npmjs/@babel/plugin-transform-modules-systemjs/7.14.5, MIT, approved, clearlydefined
npm/npmjs/@babel/plugin-transform-modules-umd/7.14.5, MIT, approved, clearlydefined
npm/npmjs/@babel/plugin-transform-named-capturing-groups-regex/7.14.7, MIT, approved, clearlydefined
npm/npmjs/@babel/plugin-transform-new-target/7.14.5, MIT, approved, clearlydefined
npm/npmjs/@babel/plugin-transform-object-super/7.14.5, MIT, approved, clearlydefined
npm/npmjs/@babel/plugin-transform-parameters/7.14.5, MIT, approved, clearlydefined
npm/npmjs/@babel/plugin-transform-property-literals/7.14.5, MIT, approved, clearlydefined
npm/npmjs/@babel/plugin-transform-regenerator/7.14.5, MIT, approved, clearlydefined
npm/npmjs/@babel/plugin-transform-reserved-words/7.14.5, MIT, approved, clearlydefined
npm/npmjs/@babel/plugin-transform-runtime/7.14.5, MIT, approved, clearlydefined
npm/npmjs/@babel/plugin-transform-shorthand-properties/7.14.5, MIT, approved, clearlydefined
npm/npmjs/@babel/plugin-transform-spread/7.14.6, MIT, approved, clearlydefined
npm/npmjs/@babel/plugin-transform-sticky-regex/7.14.5, MIT, approved, clearlydefined
npm/npmjs/@babel/plugin-transform-template-literals/7.14.5, MIT, approved, clearlydefined
npm/npmjs/@babel/plugin-transform-typeof-symbol/7.14.5, MIT, approved, clearlydefined
npm/npmjs/@babel/plugin-transform-unicode-escapes/7.14.5, MIT, approved, clearlydefined
npm/npmjs/@babel/plugin-transform-unicode-regex/7.14.5, MIT, approved, clearlydefined
npm/npmjs/@babel/preset-env/7.14.8, MIT, approved, clearlydefined
npm/npmjs/@babel/preset-modules/0.1.4, MIT, approved, clearlydefined
npm/npmjs/@babel/runtime/7.14.8, MIT, approved, clearlydefined
npm/npmjs/@babel/runtime/7.15.4, MIT, approved, clearlydefined
npm/npmjs/@babel/template/7.14.5, MIT, approved, clearlydefined
npm/npmjs/@babel/traverse/7.14.8, MIT, approved, clearlydefined
npm/npmjs/@babel/types/7.14.8, MIT, approved, clearlydefined
npm/npmjs/@devexpress/dx-chart-core/2.7.6, NOASSERTION, restricted, clearlydefined
npm/npmjs/@devexpress/dx-core/2.7.6, NOASSERTION, restricted, clearlydefined
npm/npmjs/@devexpress/dx-react-chart-bootstrap4/2.7.6, NOASSERTION, restricted, clearlydefined
npm/npmjs/@devexpress/dx-react-chart-material-ui/2.7.6, NOASSERTION, restricted, clearlydefined
npm/npmjs/@devexpress/dx-react-chart/2.7.6, NOASSERTION, restricted, clearlydefined
npm/npmjs/@devexpress/dx-react-core/2.7.6, NOASSERTION, restricted, clearlydefined
npm/npmjs/@discoveryjs/json-ext/0.5.3, MIT, approved, clearlydefined
npm/npmjs/@electron/get/1.12.4, MIT, approved, clearlydefined
npm/npmjs/@emotion/hash/0.8.0, MIT, approved, clearlydefined
npm/npmjs/@foliojs-fork/fontkit/1.9.1, MIT, approved, clearlydefined
npm/npmjs/@foliojs-fork/linebreak/1.1.1, MIT, approved, clearlydefined
npm/npmjs/@foliojs-fork/pdfkit/0.12.3, MIT, approved, clearlydefined
npm/npmjs/@foliojs-fork/restructure/2.0.2, MIT, approved, clearlydefined
npm/npmjs/@hypnosphi/create-react-context/0.3.1, MIT, approved, clearlydefined
npm/npmjs/@improved/node/1.1.1, MIT, approved, clearlydefined
npm/npmjs/@material-ui/core/4.12.3, MIT, approved, clearlydefined
npm/npmjs/@material-ui/styles/4.11.4, MIT, approved, clearlydefined
npm/npmjs/@material-ui/system/4.12.1, MIT, approved, clearlydefined
npm/npmjs/@material-ui/types/5.1.0, MIT, approved, clearlydefined
npm/npmjs/@material-ui/utils/4.11.2, MIT, approved, clearlydefined
npm/npmjs/@nodelib/fs.scandir/2.1.5, MIT, approved, clearlydefined
npm/npmjs/@nodelib/fs.stat/2.0.5, MIT, approved, clearlydefined
npm/npmjs/@nodelib/fs.walk/1.2.8, MIT, approved, clearlydefined
npm/npmjs/@phosphor/algorithm/1.2.0, BSD-3-Clause, approved, clearlydefined
npm/npmjs/@phosphor/collections/1.2.0, BSD-3-Clause, approved, clearlydefined
npm/npmjs/@phosphor/commands/1.7.2, BSD-3-Clause, approved, clearlydefined
npm/npmjs/@phosphor/coreutils/1.3.1, BSD-3-Clause, approved, clearlydefined
npm/npmjs/@phosphor/disposable/1.3.1, BSD-3-Clause, approved, clearlydefined
npm/npmjs/@phosphor/domutils/1.1.4, BSD-3-Clause, approved, clearlydefined
npm/npmjs/@phosphor/dragdrop/1.4.1, BSD-3-Clause, approved, clearlydefined
npm/npmjs/@phosphor/keyboard/1.1.3, BSD-3-Clause, approved, clearlydefined
npm/npmjs/@phosphor/messaging/1.3.0, BSD-3-Clause, approved, clearlydefined
npm/npmjs/@phosphor/properties/1.1.3, BSD-3-Clause, approved, clearlydefined
npm/npmjs/@phosphor/signaling/1.3.1, BSD-3-Clause, approved, clearlydefined
npm/npmjs/@phosphor/virtualdom/1.2.0, BSD-3-Clause, approved, clearlydefined
npm/npmjs/@phosphor/widgets/1.9.3, BSD-3-Clause, approved, clearlydefined
npm/npmjs/@primer/octicons-react/9.6.0, MIT, approved, clearlydefined
npm/npmjs/@sindresorhus/df/1.0.1, MIT, approved, clearlydefined
npm/npmjs/@sindresorhus/df/2.1.0, MIT, approved, clearlydefined
npm/npmjs/@sindresorhus/is/0.14.0, MIT, approved, clearlydefined
npm/npmjs/@stroncium/procfs/1.2.1, CC0-1.0, approved, clearlydefined
npm/npmjs/@szmarczak/http-timer/1.1.2, MIT, approved, clearlydefined
npm/npmjs/@theia/application-manager/1.15.0, EPL-2.0 OR GPL-2.0-with-classpath-exception, approved, ecd.theia
npm/npmjs/@theia/application-package/1.15.0, EPL-2.0 OR GPL-2.0-with-classpath-exception, approved, ecd.theia
npm/npmjs/@theia/cli/1.15.0, EPL-2.0 OR GPL-2.0-with-classpath-exception, approved, ecd.theia
npm/npmjs/@theia/compression-webpack-plugin/3.0.0, EPL-2.0 OR GPL-2.0-with-classpath-exception, approved, ecd.theia
npm/npmjs/@theia/core/1.15.0, EPL-2.0 OR GPL-2.0-with-classpath-exception, approved, ecd.theia
npm/npmjs/@theia/editor/1.15.0, EPL-2.0 OR GPL-2.0-with-classpath-exception, approved, ecd.theia
npm/npmjs/@theia/electron/1.15.0, EPL-2.0 OR GPL-2.0-with-classpath-exception, approved, ecd.theia
npm/npmjs/@theia/filesystem/1.15.0, EPL-2.0 OR GPL-2.0-with-classpath-exception, approved, ecd.theia
npm/npmjs/@theia/markers/1.15.0, EPL-2.0 OR GPL-2.0-with-classpath-exception, approved, ecd.theia
npm/npmjs/@theia/messages/1.15.0, EPL-2.0 OR GPL-2.0-with-classpath-exception, approved, ecd.theia
npm/npmjs/@theia/monaco-editor-core/0.20.0, EPL-2.0 OR GPL-2.0-with-classpath-exception, approved, ecd.theia
npm/npmjs/@theia/monaco/1.15.0, EPL-2.0 OR GPL-2.0-with-classpath-exception, approved, ecd.theia
npm/npmjs/@theia/navigator/1.15.0, EPL-2.0 OR GPL-2.0-with-classpath-exception, approved, ecd.theia
npm/npmjs/@theia/node-pty/0.9.0-theia.6, EPL-2.0 OR GPL-2.0-with-classpath-exception, approved, ecd.theia
npm/npmjs/@theia/outline-view/1.15.0, EPL-2.0 OR GPL-2.0-with-classpath-exception, approved, ecd.theia
npm/npmjs/@theia/ovsx-client/1.15.0, EPL-2.0 OR GPL-2.0-with-classpath-exception, approved, ecd.theia
npm/npmjs/@theia/preferences/1.15.0, EPL-2.0 OR GPL-2.0-with-classpath-exception, approved, ecd.theia
npm/npmjs/@theia/process/1.15.0, EPL-2.0 OR GPL-2.0-with-classpath-exception, approved, ecd.theia
npm/npmjs/@theia/terminal/1.15.0, EPL-2.0 OR GPL-2.0-with-classpath-exception, approved, ecd.theia
npm/npmjs/@theia/userstorage/1.15.0, EPL-2.0 OR GPL-2.0-with-classpath-exception, approved, ecd.theia
npm/npmjs/@theia/variable-resolver/1.15.0, EPL-2.0 OR GPL-2.0-with-classpath-exception, approved, ecd.theia
npm/npmjs/@theia/workspace/1.15.0, EPL-2.0 OR GPL-2.0-with-classpath-exception, approved, ecd.theia
npm/npmjs/@tootallnate/once/1.1.2, MIT, approved, clearlydefined
npm/npmjs/@types/base64-arraybuffer/0.1.0, MIT, approved, clearlydefined
npm/npmjs/@types/bent/7.3.2, MIT, approved, clearlydefined
npm/npmjs/@types/body-parser/1.19.1, MIT, approved, clearlydefined
npm/npmjs/@types/caseless/0.12.2, MIT, approved, clearlydefined
npm/npmjs/@types/chai/4.2.21, MIT, approved, clearlydefined
npm/npmjs/@types/connect/3.4.35, MIT, approved, clearlydefined
npm/npmjs/@types/cookie/0.3.3, MIT, approved, clearlydefined
npm/npmjs/@types/d3-path/2.0.1, MIT, approved, clearlydefined
npm/npmjs/@types/d3-scale/3.3.2, MIT, approved, clearlydefined
npm/npmjs/@types/d3-shape/2.1.3, MIT, approved, clearlydefined
npm/npmjs/@types/d3-time/2.1.1, MIT, approved, clearlydefined
npm/npmjs/@types/dompurify/2.2.3, MIT, approved, clearlydefined
npm/npmjs/@types/eslint-scope/3.7.1, MIT, approved, clearlydefined
npm/npmjs/@types/eslint/7.28.0, MIT, approved, clearlydefined
npm/npmjs/@types/estree/0.0.50, MIT, approved, clearlydefined
npm/npmjs/@types/events/3.0.0, MIT, approved, clearlydefined
npm/npmjs/@types/express-serve-static-core/4.17.24, MIT, approved, clearlydefined
npm/npmjs/@types/express/4.17.13, MIT, approved, clearlydefined
npm/npmjs/@types/fs-extra/4.0.12, MIT, approved, clearlydefined
npm/npmjs/@types/glob/7.1.4, MIT, approved, clearlydefined
npm/npmjs/@types/json-schema/7.0.8, MIT, approved, clearlydefined
npm/npmjs/@types/lodash.debounce/4.0.3, MIT, approved, clearlydefined
npm/npmjs/@types/lodash.throttle/4.1.6, MIT, approved, clearlydefined
npm/npmjs/@types/lodash/4.14.171, MIT, approved, clearlydefined
npm/npmjs/@types/mime-types/2.1.0, MIT, approved, clearlydefined
npm/npmjs/@types/mime/1.3.2, MIT, approved, clearlydefined
npm/npmjs/@types/minimatch/3.0.5, MIT, approved, clearlydefined
npm/npmjs/@types/minipass/2.2.1, MIT, approved, clearlydefined
npm/npmjs/@types/mkdirp/0.5.2, MIT, approved, clearlydefined
npm/npmjs/@types/mocha/5.2.7, MIT, approved, clearlydefined
npm/npmjs/@types/node-fetch/2.5.11, MIT, approved, clearlydefined
npm/npmjs/@types/node/12.20.16, MIT, approved, clearlydefined
npm/npmjs/@types/node/16.4.0, MIT, approved, clearlydefined
npm/npmjs/@types/prop-types/15.7.4, MIT, approved, clearlydefined
npm/npmjs/@types/puppeteer/2.1.6, MIT, approved, clearlydefined
npm/npmjs/@types/qs/6.9.7, MIT, approved, clearlydefined
npm/npmjs/@types/range-parser/1.2.4, MIT, approved, clearlydefined
npm/npmjs/@types/react-dom/16.9.14, MIT, approved, clearlydefined
npm/npmjs/@types/react-transition-group/4.4.2, MIT, approved, clearlydefined
npm/npmjs/@types/react-virtualized/9.21.12, MIT, approved, clearlydefined
npm/npmjs/@types/react/16.14.11, MIT, approved, clearlydefined
npm/npmjs/@types/react/17.0.14, MIT, approved, #1210
npm/npmjs/@types/request/2.48.6, MIT, approved, clearlydefined
npm/npmjs/@types/requestretry/1.12.8, MIT, approved, clearlydefined
npm/npmjs/@types/resize-observer-browser/0.1.6, MIT, approved, clearlydefined
npm/npmjs/@types/rimraf/2.0.5, MIT, approved, clearlydefined
npm/npmjs/@types/route-parser/0.1.3, MIT, approved, clearlydefined
npm/npmjs/@types/safer-buffer/2.1.0, MIT, approved, clearlydefined
npm/npmjs/@types/scheduler/0.16.2, MIT, approved, clearlydefined
npm/npmjs/@types/semver/5.5.0, MIT, approved, clearlydefined
npm/npmjs/@types/serve-static/1.13.10, MIT, approved, clearlydefined
npm/npmjs/@types/tar-fs/1.16.3, MIT, approved, clearlydefined
npm/npmjs/@types/tar-stream/2.2.1, MIT, approved, clearlydefined
npm/npmjs/@types/tar/4.0.5, MIT, approved, clearlydefined
npm/npmjs/@types/tough-cookie/4.0.1, MIT, approved, clearlydefined
npm/npmjs/@types/trusted-types/2.0.2, MIT, approved, clearlydefined
npm/npmjs/@types/uuid/7.0.5, MIT, approved, clearlydefined
npm/npmjs/@types/write-json-file/2.2.1, MIT, approved, clearlydefined
npm/npmjs/@types/ws/5.1.2, MIT, approved, clearlydefined
npm/npmjs/@types/yargs-parser/20.2.1, MIT, approved, clearlydefined
npm/npmjs/@types/yargs/15.0.14, MIT, approved, clearlydefined
npm/npmjs/@webassemblyjs/ast/1.11.1, MIT, approved, clearlydefined
npm/npmjs/@webassemblyjs/floating-point-hex-parser/1.11.1, MIT, approved, clearlydefined
npm/npmjs/@webassemblyjs/helper-api-error/1.11.1, MIT, approved, clearlydefined
npm/npmjs/@webassemblyjs/helper-buffer/1.11.1, MIT, approved, clearlydefined
npm/npmjs/@webassemblyjs/helper-numbers/1.11.1, MIT, approved, clearlydefined
npm/npmjs/@webassemblyjs/helper-wasm-bytecode/1.11.1, MIT, approved, clearlydefined
npm/npmjs/@webassemblyjs/helper-wasm-section/1.11.1, MIT, approved, clearlydefined
npm/npmjs/@webassemblyjs/ieee754/1.11.1, MIT, approved, clearlydefined
npm/npmjs/@webassemblyjs/leb128/1.11.1, Apache-2.0, approved, clearlydefined
npm/npmjs/@webassemblyjs/utf8/1.11.1, MIT, approved, clearlydefined
npm/npmjs/@webassemblyjs/wasm-edit/1.11.1, MIT, approved, clearlydefined
npm/npmjs/@webassemblyjs/wasm-gen/1.11.1, MIT, approved, clearlydefined
npm/npmjs/@webassemblyjs/wasm-opt/1.11.1, MIT, approved, clearlydefined
npm/npmjs/@webassemblyjs/wasm-parser/1.11.1, MIT, approved, clearlydefined
npm/npmjs/@webassemblyjs/wast-printer/1.11.1, MIT, approved, clearlydefined
npm/npmjs/@webpack-cli/configtest/1.0.4, MIT, approved, clearlydefined
npm/npmjs/@webpack-cli/info/1.3.0, MIT, approved, clearlydefined
npm/npmjs/@webpack-cli/serve/1.5.1, MIT, approved, clearlydefined
npm/npmjs/@xtuc/ieee754/1.2.0, BSD-3-Clause, approved, #123
npm/npmjs/@xtuc/long/4.2.2, Apache-2.0, approved, clearlydefined
